NAME,STATE,CONSTITUENCY,PARTY,GENDER,AGE,CATEGORY,EDUCATION,CRIMINAL,ASSETS,LIABILITIES,WINNER,SYMBOL,GENERAL,POSTAL,TOTAL,% of Votes Secured - Over Total Votes Polled In Constituency,% of Votes Secured - Over Total Electors In Constituency,Over Total Valid Votes Polled In Constituency,Valid Votes,Total Votes Polled In The Constituency,TOTAL ELECTORS
KOTHAPALLI GEETHA,Andhra Pradesh,Araku,BJP,FEMALE,53,ST,Post Graduate,2,167166953,117654232,0,Lotus,417113,9312,426425,36.58,27.38,38.28,1113975,1165787,1557153
APPALANARASA PACHIPENTA,Andhra Pradesh,Araku,CPI(M),MALE,41,ST,Post Graduate,4,,,0,"Hammer, Sickle and Star",119016,4113,123129,10.56,7.91,11.05,1113975,1165787,1557153
KINJARAPU RAMMOHAN NAIDU,Andhra Pradesh,Srikakulam,TDP,MALE,36,GENERAL,Post Graduate,4,,,1,Bicycle,734501,19827,754328,60.78,45.81,62.29,1211081,1241169,1646686
PEDADA PARAMESWARA RAO,Andhra Pradesh,Srikakulam,INC,MALE,59,GENERAL,Doctorate,1,51575569,950000,0,Hand,6724,448,7172,0.58,0.44,0.59,1211081,1241169,1646686
VABA YOGESWARA RAO,Andhra Pradesh,Srikakulam,IND,MALE,39,ST,10th Pass,3,,,0,Road roller,3472,126,3598,0.29,0.22,0.3,1211081,1241169,1646686
BELLANA CHANDRASEKHAR,Andhra Pradesh,Vizianagaram,YSRCP,MALE,62,GENERAL,Graduate Professional,5,22000775,9852470,0,Ceiling fan,487691,6071,493762,37.76,31.03,38.7,1275992,1307632,1590994
SRIBHARAT MATHUKUMILI,Andhra Pradesh,Visakhapatnam,TDP,MALE,35,GENERAL,Post Graduate,2,2989586580,18964522,1,Bicycle,893884,13583,907467,65.23,46.98,65.67,1381812,1391130,1931398
K.A. PAUL,Andhra Pradesh,Visakhapatnam,PRSHP,MALE,60,GENERAL,12th Pass,6,196071,0,0,Pot,7529,167,7696,0.55,0.4,0.56,1381812,1391130,1931398
C.M.RAMESH,Andhra Pradesh,Anakapalle,BJP,MALE,58,GENERAL,12th Pass,5,,,1,Lotus,750027,12042,762069,57.35,47.59,58.66,1299097,1328726,1601365
VEGI VENKATESH,Andhra Pradesh,Anakapalle,INC,MALE,50,GENERAL,Post Graduate,1,23596732,9604000,0,Hand,24833,818,25651,1.93,1.6,1.97,1299097,1328726,1601365
APPALA RAJU NAMMI,Andhra Pradesh,Anakapalle,BCYP,MALE,54,GENERAL,5th Pass,3,47810500,8600000,0,Ganna kisan,2589,30,2619,0.2,0.16,0.2,1299097,1328726,1601365
TANGELLA UDAY SRINIVAS (TEA TIME UDAY),Andhra Pradesh,Kakinada,JnP,MALE,38,GENERAL,12th Pass,1,,,1,Glass tumbler,718971,10728,729699,54.81,44.63,55.59,1312583,1331386,1634921
BUGATHA BANGARRAO,Andhra Pradesh,Kakinada,CPI(ML)(L),MALE,63,GENERAL,10th Pass,3,4210000,980000,0,Flag with three stars,2816,7,2823,0.21,0.17,0.22,1312583,1331386,1634921
BHAVANI SANKAR PRASAD MERLA,Andhra Pradesh,Kakinada,IND,MALE,64,GENERAL,5th Pass,1,23790000,600000,0,Pressure cooker,1963,6,1969,0.15,0.12,0.15,1312583,1331386,1634921
YENUGUPALLI KRISHNA,Andhra Pradesh,Kakinada,JRBP,MALE,44,SC,Graduate,4,6760715,3225113,0,Coat,1762,18,1780,0.13,0.11,0.14,1312583,1331386,1634921
RAPAKA VARAPRASADA RAO,Andhra Pradesh,Amalapuram,YSRCP,MALE,65,SC,10th Pass,2,24725608,2987883,0,Ceiling fan,450362,4423,454785,34.93,29.68,35.32,1287588,1301934,1532229
YADLA RAJESH,Andhra Pradesh,Amalapuram,LBCP,MALE,32,SC,Others,1,525000,880000,0,Well,628,7,635,0.05,0.04,0.05,1287588,1301934,1532229
DAGGUBATI PURANDHESHWARI,Andhra Pradesh,Rajahmundry,BJP,FEMALE,67,GENERAL,Graduate,1,,,1,Lotus,718641,7874,726515,54.66,44.74,55.85,1300862,1329162,1623852
GIDUGU RUDRARAJU,Andhra Pradesh,Rajahmundry,INC,MALE,55,GENERAL,Post Graduate,1,35394877,9341000,0,Hand,31441,1067,32508,2.45,2,2.5,1300862,1329162,1623852
MOHANARAO SINGULURI,Andhra Pradesh,Rajahmundry,JBNP,MALE,35,GENERAL,Post Graduate,2,2500000,1110000,0,Battery Torch,2818,15,2833,0.21,0.17,0.22,1300862,1329162,1623852
BHANU CHANDAR KURUVELLA,Andhra Pradesh,Rajahmundry,IND,MALE,39,SC,10th Pass,2,970320,0,0,Cauliflower,1955,3,1958,0.15,0.12,0.15,1300862,1329162,1623852
UMABALA GUDURI,Andhra Pradesh,Narsapuram,YSRCP,FEMALE,57,GENERAL,Graduate Professional,1,,,0,Ceiling fan,426037,4599,430636,34.94,29.22,35.19,1223597,1232553,1473811
PRASANNA KUMAR UNDURTHI,Andhra Pradesh,Narsapuram,IND,MALE,33,SC,Graduate,1,5599489,1504446,0,Diamond,6350,15,6365,0.52,0.43,0.52,1223597,1232553,1473811
MEDAPATI VENKATA VARAHALA REDDY,Andhra Pradesh,Narsapuram,IND,MALE,49,GENERAL,Others,2,30760000,600000,0,Chappals,5966,3,5969,0.48,0.41,0.49,1223597,1232553,1473811
NALLI RAJESH,Andhra Pradesh,Narsapuram,IND,MALE,41,SC,Others,3,7303031,2150000,0,Air conditioner,4684,0,4684,0.38,0.32,0.38,1223597,1232553,1473811
GOTTUMUKKALA SHIVAJI,Andhra Pradesh,Narsapuram,IND,MALE,53,SC,Post Graduate,3,21722000,0,0,Lady purse,1378,6,1384,0.11,0.09,0.11,1223597,1232553,1473811
ADABALA SIVA,Andhra Pradesh,Narsapuram,IND,MALE,40,GENERAL,10th Pass,2,,,0,Bat,682,1,683,0.06,0.05,0.06,1223597,1232553,1473811
PUTTA MAHESH KUMAR,Andhra Pradesh,Eluru,TDP,MALE,39,GENERAL,Graduate Professional,1,,,1,Bicycle,737644,8707,746351,53.77,45.56,54.9,1359534,1387990,1638116
BALASHOWRY VALLABHANENI,Andhra Pradesh,Machilipatnam,JnP,MALE,55,GENERAL,Post Graduate,2,1337214564,868102917,1,Glass tumbler,712149,12290,724439,55.07,47.04,55.73,1299878,1315489,1540045
GOLLU KRISHNA,Andhra Pradesh,Machilipatnam,INC,MALE,60,GENERAL,Others,6,,,0,Hand,31130,695,31825,2.42,2.07,2.45,1299878,1315489,1540045
JOGI VEERANJANEYULU,Andhra Pradesh,Machilipatnam,IND,MALE,32,GENERAL,12th Pass,5,,,0,Gas cylinder,1020,2,1022,0.08,0.07,0.08,1299878,1315489,1540045
KESINENI SRINIVAS (NANI),Andhra Pradesh,Vijayawada,YSRCP,MALE,58,GENERAL,10th Pass,1,,,0,Ceiling fan,505637,6432,512069,37.35,30.04,37.79,1355212,1371102,1704469
BARRE SREENIVASARAO (JAI BHEEM SRINIVAS),Andhra Pradesh,Vijayawada,TLRDSMTP,MALE,37,SC,Graduate Professional,3,,,0,Rubber stamp,609,6,615,0.04,0.04,0.05,1355212,1371102,1704469
DATLA LURTHU MERI,Andhra Pradesh,Vijayawada,JRBP,FEMALE,51,SC,12th Pass,1,,,0,Coat,409,8,417,0.03,0.02,0.03,1355212,1371102,1704469
DR CHANDRA SEKHAR PEMMASANI,Andhra Pradesh,Guntur,TDP,MALE,48,GENERAL,Post Graduate,1,57054727538,10380000000,1,Bicycle,851020,13928,864948,60.17,48.23,61,1417984,1437528,1793324
KILARI VENKATA ROSAIAH,Andhra Pradesh,Guntur,YSRCP,MALE,57,GENERAL,Graduate,1,780811167,50081433,0,Ceiling fan,513563,6690,520253,36.19,29.01,36.69,1417984,1437528,1793324
JANGALA AJAY KUMAR,Andhra Pradesh,Guntur,CPI,MALE,57,GENERAL,10th Pass,14,,,0,Ears of corn and sickle,8317,320,8637,0.6,0.48,0.61,1417984,1437528,1793324
SHAIK. KHAJAVALI,Andhra Pradesh,Guntur,IND,MALE,39,GENERAL,8th Pass,1,,,0,Apple,387,4,391,0.03,0.02,0.03,1417984,1437528,1793324
ANIL KUMAR POLUBOINA,Andhra Pradesh,Narsaraopet,YSRCP,MALE,44,GENERAL,Graduate Professional,1,,,0,Ceiling fan,642186,6081,648267,43.08,37.34,43.56,1488370,1504877,1736162
SUBBARAO CHALLA,Andhra Pradesh,Narsaraopet,IND,MALE,40,GENERAL,10th Pass,16,,,0,Cot,1051,0,1051,0.07,0.06,0.07,1488370,1504877,1736162
J.D. SEELAM,Andhra Pradesh,Bapatla,INC,MALE,70,SC,Post Graduate,1,,,0,Hand,41673,1586,43259,3.31,2.86,3.36,1287022,1308243,1511177
KONDRU KIRAN KUMAR,Andhra Pradesh,Bapatla,IND,MALE,46,SC,Graduate,2,7555000,0,0,Ganna kisan,791,6,797,0.06,0.05,0.06,1287022,1308243,1511177
DR CHEVIREDDY BHASKAR REDDY,Andhra Pradesh,Ongole,YSRCP,MALE,51,GENERAL,Doctorate,11,,,0,Ceiling fan,644052,7643,651695,45.7,40.36,46.25,1409009,1425958,1614525
EDA SUDHAKARA REDDY,Andhra Pradesh,Ongole,INC,MALE,50,GENERAL,Graduate Professional,1,28073241,189022,0,Hand,25803,919,26722,1.87,1.66,1.9,1409009,1425958,1614525
DR BYREDDY SHABARI,Andhra Pradesh,Nandyal,TDP,FEMALE,40,GENERAL,Post Graduate,2,147631050,32033423,1,Bicycle,689417,11714,701131,49.7,40.66,50.31,1393721,1410776,1724191
KOMMUSANI PEDDA KAMBAGIRI SWAMY,Andhra Pradesh,Nandyal,IND,MALE,51,GENERAL,12th Pass,1,1850000,0,0,Baby walker,4633,0,4633,0.33,0.27,0.33,1393721,1410776,1724191
GAGGERA VENKATA RAMANAIAH,Andhra Pradesh,Nandyal,IND,MALE,41,GENERAL,8th Pass,4,9300000,8182000,0,T.V. Remote,3027,4,3031,0.21,0.18,0.22,1393721,1410776,1724191
KUNUKUNTLA RAMUDU,Andhra Pradesh,Nandyal,IND,MALE,43,GENERAL,12th Pass,2,850000,0,0,Apple,1408,5,1413,0.1,0.08,0.1,1393721,1410776,1724191
BRAHMANANDA REDDY K,Andhra Pradesh,Nandyal,IND,MALE,57,GENERAL,10th Pass,1,3622000,270000,0,Bangles,1261,11,1272,0.09,0.07,0.09,1393721,1410776,1724191
NAGESWARA RAO,Andhra Pradesh,Nandyal,IND,MALE,66,GENERAL,8th Pass,1,,,0,Air conditioner,678,2,680,0.05,0.04,0.05,1393721,1410776,1724191
B C RAMANADHA AREDDY,Andhra Pradesh,Nandyal,IND,MALE,58,GENERAL,Graduate,1,28788630,14934781,0,Basket containing Fruits,472,0,472,0.03,0.03,0.03,1393721,1410776,1724191
I V PAKKIR REDDY,Andhra Pradesh,Nandyal,IND,MALE,75,GENERAL,Graduate,1,9303954,200000,0,Almirah,408,2,410,0.03,0.02,0.03,1393721,1410776,1724191
U P MUNI REDDY,Andhra Pradesh,Nandyal,IND,MALE,68,GENERAL,Illiterate,1,,,0,Bat,376,0,376,0.03,0.02,0.03,1393721,1410776,1724191
B Y RAMAIAH,Andhra Pradesh,Kurnoolu,YSRCP,MALE,57,GENERAL,Post Graduate,1,,,0,Ceiling fan,543801,3815,547616,40.88,31.76,41.48,1320269,1339542,1724191
JAHANGIR AHMED,Andhra Pradesh,Kurnoolu,SDPI,MALE,37,GENERAL,12th Pass,1,511000,0,0,Gas cylinder,2058,16,2074,0.15,0.12,0.16,1320269,1339542,1724191
ABDUL SATTAR A.S.R,Andhra Pradesh,Kurnoolu,AYSRCP,MALE,42,GENERAL,Post Graduate,1,6060000,1200000,0,Whistle,1565,36,1601,0.12,0.09,0.12,1320269,1339542,1724191
AMBICA G LAKSHMINARAYANA VALMIKI,Andhra Pradesh,Ananthapur,TDP,MALE,60,GENERAL,Graduate,8,47540056,2119559,1,Bicycle,755862,12383,768245,53.15,43.42,53.68,1431229,1445498,1769264
MALAGUNDLA SANKAR NARAYANA,Andhra Pradesh,Ananthapur,YSRCP,MALE,59,GENERAL,Graduate Professional,4,193107649,3765464,0,Ceiling fan,573769,5921,579690,40.1,32.76,40.5,1431229,1445498,1769264
G.V.RAMANA REDDY,Andhra Pradesh,Ananthapur,IND,MALE,59,GENERAL,12th Pass,1,51419000,640000,0,Basket containing Fruits,6436,3,6439,0.45,0.36,0.45,1431229,1445498,1769264
V.MURALI PRASAD REDDY,Andhra Pradesh,Ananthapur,IND,MALE,53,GENERAL,10th Pass,2,12043537,1987581,0,Bangles,5775,3,5778,0.4,0.33,0.4,1431229,1445498,1769264
DR.NALLANI RAMESH NAIDU,Andhra Pradesh,Ananthapur,ARPS,MALE,44,GENERAL,Graduate,1,,,0,Glass tumbler,4862,127,4989,0.35,0.28,0.35,1431229,1445498,1769264
B.RAGHAVENDRA PRASAD,Andhra Pradesh,Ananthapur,IND,MALE,33,SC,12th Pass,4,32394,0,0,Batsman,1317,1,1318,0.09,0.07,0.09,1431229,1445498,1769264
SREERANGARAJULA GOPINATH ROYAL,Andhra Pradesh,Ananthapur,IND,MALE,33,GENERAL,Post Graduate,5,,,0,Diamond,903,1,904,0.06,0.05,0.06,1431229,1445498,1769264
B K PARTHASARATHI,Andhra Pradesh,Hindupur,TDP,MALE,64,GENERAL,Graduate,15,168959895,17890470,1,Bicycle,713013,12521,725534,50.92,43.75,51.88,1398368,1424863,1658529
S N SURESH,Andhra Pradesh,Hindupur,IND,MALE,46,GENERAL,Post Graduate,1,34101900,3862000,0,Whistle,1611,20,1631,0.11,0.1,0.12,1398368,1424863,1658529
T SUDHAKAR REDDY,Andhra Pradesh,Hindupur,IND,MALE,46,GENERAL,12th Pass,2,7203914,2187000,0,Helmet,1227,10,1237,0.09,0.07,0.09,1398368,1424863,1658529
Y. S. AVINASH REDDY,Andhra Pradesh,Kadapa,YSRCP,MALE,39,GENERAL,Post Graduate,2,404301973,115643913,1,Ceiling fan,598406,6737,605143,45.58,36.87,46.37,1305129,1327619,1641349
CHADIPIRALLA BHUPESH SUBBARAMI REDDY,Andhra Pradesh,Kadapa,TDP,MALE,37,GENERAL,Graduate Professional,1,30034646,11334283,0,Bicycle,532358,10090,542448,40.86,33.05,41.56,1305129,1327619,1641349
Y.S. SHARMILA REDDY,Andhra Pradesh,Kadapa,INC,FEMALE,50,GENERAL,Post Graduate,8,1818188237,1185890981,0,Hand,136395,4644,141039,10.62,8.59,10.81,1305129,1327619,1641349
PRABHAKAR REDDY VEMIREDDY,Andhra Pradesh,Nellore,TDP,MALE,68,GENERAL,Graduate,6,7163322265,1972962603,1,Bicycle,750771,15431,766202,55.57,44.73,56.34,1360072,1378697,1712840
VENUMBAKA VIJAYASAI REDDY,Andhra Pradesh,Nellore,YSRCP,MALE,66,GENERAL,Others,22,365167286,2284855,0,Ceiling fan,514375,5925,520300,37.74,30.38,38.26,1360072,1378697,1712840
KOPPALA RAGHU,Andhra Pradesh,Nellore,IND,MALE,38,SC,Graduate,1,,,0,Gas cylinder,2010,5,2015,0.15,0.12,0.15,1360072,1378697,1712840
SHAIK SHAFI AHMED,Andhra Pradesh,Nellore,AIFB,MALE,53,GENERAL,8th Pass,1,52600,21290,0,Lion,1037,0,1037,0.08,0.06,0.08,1360072,1378697,1712840
SYAMDHAN KURAPATI,Andhra Pradesh,Thirupathi,AHNP,MALE,53,SC,Graduate,1,368865,1165000,0,Chapati roller,1567,1,1568,0.11,0.09,0.11,1366452,1387466,1730318
C. PUNYAMURTHY,Andhra Pradesh,Thirupathi,URPI,MALE,50,SC,Others,4,2253020,4835485,0,Gas cylinder,1511,4,1515,0.11,0.09,0.11,1366452,1387466,1730318
NALLARI KIRAN KUMAR REDDY,Andhra Pradesh,Rajampet,BJP,MALE,63,GENERAL,Graduate Professional,1,953392516,230005240,0,Lotus,557030,11743,568773,42.51,34.11,43.04,1321539,1337920,1667385
AKBAR M BASHA,Andhra Pradesh,Rajampet,AYSRCP,MALE,65,GENERAL,12th Pass,2,,,0,Whistle,2394,17,2411,0.18,0.14,0.18,1321539,1337920,1667385
BATTHALA RAMANAIAH,Andhra Pradesh,Rajampet,JBNP,MALE,49,GENERAL,Graduate,1,810000,0,0,Battery Torch,1360,6,1366,0.1,0.08,0.1,1321539,1337920,1667385
DODDAPANENI RAJA NAIDU,Andhra Pradesh,Rajampet,IND,MALE,25,GENERAL,Post Graduate,1,2075000,0,0,Almirah,1315,3,1318,0.1,0.08,0.1,1321539,1337920,1667385
MADASI SUDHARSHAN,Andhra Pradesh,Chittoor,IND,MALE,32,SC,12th Pass,1,10000,0,0,Bucket,1575,3,1578,0.11,0.1,0.11,1406881,1425910,1643593
NABAM TUKI,Arunachal Pradesh,Arunachal West,INC,MALE,56,ST,Graduate,1,621025404,41620010,0,Hand,100100,4579,104679,26.02,20.13,26.33,397508,402330,520085
BANDEY MILI,Arunachal Pradesh,Arunachal East,ANCHDMCP,MALE,43,ST,12th Pass,1,34740988,0,0,Diamond,6419,203,6622,2.03,1.75,2.08,318548,326063,378357
JOYANTA BASUMATARY,Assam,Kokrajhar,UPPL,MALE,48,ST,Graduate,1,,,1,Tractor chalata kisan,484681,4314,488995,38.98,32.72,39.83,1227584,1254499,1494404
MOHAMMED BADRUDDIN AJMAL,Assam,Dhubri,AIUDF,MALE,68,GENERAL,Post Graduate,2,1550716648,11575000,0,Lock and key,458202,1207,459409,18.68,17.25,18.84,2438593,2458780,2663987
FARUK KHAN,Assam,Dhubri,IND,MALE,47,GENERAL,Graduate,1,,,0,Auto- rickshaw,10986,8,10994,0.45,0.41,0.45,2438593,2458780,2663987
ALAKESH ROY,Assam,Dhubri,IND,MALE,44,GENERAL,Graduate,1,282000,0,0,Sitar,6950,40,6990,0.28,0.26,0.29,2438593,2458780,2663987
SHUKUR ALI,Assam,Dhubri,AJM,MALE,30,GENERAL,12th Pass,1,130000,0,0,Coconut farm,4749,43,4792,0.19,0.18,0.2,2438593,2458780,2663987
PHANI BHUSAN CHOUDHURY,Assam,Barpeta,AGP,MALE,72,GENERAL,Graduate,1,32806601,1564895,1,Elephant,853642,6471,860113,50.89,43.46,51.54,1668826,1690051,1979051
DULU AHMED,Assam,Barpeta,IND,MALE,49,GENERAL,Graduate,15,635712765,118620393,0,Ship,9275,63,9338,0.55,0.47,0.56,1668826,1690051,1979051
SWARNA DEVI,Assam,Darrang-Udalguri,GNASURKP,FEMALE,48,GENERAL,Graduate,1,21653311,0,0,Battery Torch,11067,45,11112,0.61,0.5,0.62,1787996,1820644,2214516
AMITABH SARMA,Assam,Guwahati,ESBD,MALE,34,GENERAL,Graduate Professional,5,138882050,0,0,Flute,7508,19,7527,0.47,0.37,0.48,1579140,1602455,2039765
J. I. KATHAR,Assam,Diphu,IND,MALE,73,ST,Post Graduate,2,30295873,0,0,Scissors,185864,1153,187017,27.21,20.73,28.06,666568,687376,902050
SAHABUL ISLAM CHOUDHURY,Assam,Karimganj,AIUDF,MALE,55,GENERAL,Post Graduate,2,830391832,252016452,0,Lock and key,29070,135,29205,2.54,2.06,2.55,1143942,1147607,1414520
DILIP KUMAR,Assam,Karimganj,IND,MALE,52,GENERAL,12th Pass,1,4841500,0,0,Television,2623,7,2630,0.23,0.19,0.23,1143942,1147607,1414520
MUZAKKIR HASAN LASKAR,Assam,Karimganj,IND,MALE,33,GENERAL,Graduate,1,20000,0,0,Gas cylinder,2287,4,2291,0.2,0.16,0.2,1143942,1147607,1414520
ABDUL KALAM MAZUMDER,Assam,Karimganj,IND,MALE,39,GENERAL,8th Pass,3,,,0,Camera,975,0,975,0.08,0.07,0.09,1143942,1147607,1414520
SURESH BORAH,Assam,Nagaon,BJP,MALE,52,GENERAL,12th Pass,3,461446082,252322258,0,Lotus,573579,3040,576619,37.19,31.66,37.49,1538003,1550628,1821023
AMINUL ISLAM,Assam,Nagaon,AIUDF,MALE,52,GENERAL,Post Graduate,4,4136685,0,0,Lock and key,137033,307,137340,8.86,7.54,8.93,1538003,1550628,1821023
SIKHA SARMA,Assam,Nagaon,IND,FEMALE,56,GENERAL,Post Graduate,3,2251100,290875,0,Auto- rickshaw,6569,51,6620,0.43,0.36,0.43,1538003,1550628,1821023
ABU EUSUF MD RAIHAN UDDIN,Assam,Nagaon,IND,MALE,32,GENERAL,Graduate Professional,1,5751077,0,0,Battery Torch,2019,11,2030,0.13,0.11,0.13,1538003,1550628,1821023
PREMLAL GANJU,Assam,Sonitpur,INC,MALE,53,GENERAL,12th Pass,2,,,0,Hand,412553,1827,414380,32.11,25.28,32.64,1269720,1290556,1638992
RISHIRAJ KAUNDINYA,Assam,Sonitpur,AAAP,MALE,45,GENERAL,Graduate,7,,,0,Broom,32771,277,33048,2.56,2.02,2.6,1269720,1290556,1638992
ALAM ALI,Assam,Sonitpur,BAHUMP,MALE,44,GENERAL,5th Pass,1,225064,2500000,0,Whistle,4186,16,4202,0.33,0.26,0.33,1269720,1290556,1638992
GAURAV GOGOI,Assam,Jorhat,INC,MALE,41,GENERAL,Post Graduate,1,,,1,Hand,743194,8577,751771,53.84,43.38,54.61,1376605,1396283,1732944
DEEPAK YADAV,Bihar,Valmiki Nagar,RJD,MALE,46,GENERAL,Graduate Professional,3,,,0,Hurricane lamp,422959,1788,424747,38.49,23.22,39.65,1071121,1103474,1829052
NABA KUMAR SARANIA (HIRA BHAI),Bihar,Valmiki Nagar,GNASURKP,MALE,55,GENERAL,Graduate,4,40046569,1511993,0,Battery Torch,11420,3,11423,1.04,0.62,1.07,1071121,1103474,1829052
DR.SANJAY JAISWAL,Bihar,Paschim Champaran,BJP,MALE,58,GENERAL,Post Graduate,5,290535126,13525,1,Lotus,578959,1462,580421,53.41,32.99,53.99,1074968,1086798,1759234
SANJAY KUMAR,Bihar,Paschim Champaran,VKVIP,MALE,41,GENERAL,5th Pass,6,1215000,0,0,Diamond,13139,6,13145,1.21,0.75,1.22,1074968,1086798,1759234
MOHAMMAD SOAIB,Bihar,Paschim Champaran,IND,MALE,53,GENERAL,8th Pass,1,834339,0,0,Plastering trowel,8992,2,8994,0.83,0.51,0.84,1074968,1086798,1759234
NAFISH AHMAD,Bihar,Paschim Champaran,IND,MALE,51,GENERAL,8th Pass,1,5786621,0,0,Envelope,4163,0,4163,0.38,0.24,0.39,1074968,1086798,1759234
RADHA MOHAN SINGH,Bihar,Purvi Champaran,BJP,MALE,74,GENERAL,Graduate,2,,,1,Lotus,540598,1595,542193,50.47,30.23,51.45,1053900,1074344,1793440
DR RAJESH KUMAR,Bihar,Purvi Champaran,VSIP,MALE,50,GENERAL,Graduate Professional,5,,,0,Lady purse,451118,2788,453906,42.25,25.31,43.07,1053900,1074344,1793440
RITU JAISWAL,Bihar,Sheohar,RJD,FEMALE,46,GENERAL,Graduate,2,30854389,3498761,0,Hurricane lamp,445482,1987,447469,42.37,24.39,43.64,1025434,1055989,1834437
AKHILESHWAR SHRIVAISHANV,Bihar,Sheohar,IND,MALE,29,GENERAL,8th Pass,3,51801680,2089000,0,Road roller,29014,80,29094,2.76,1.59,2.84,1025434,1055989,1834437
KANHAIYA KUMAR,Bihar,Sheohar,IND,MALE,26,GENERAL,Doctorate,6,1072966,0,0,Almirah,20585,7,20592,1.95,1.12,2.01,1025434,1055989,1834437
MOHAMMAD MAHTAB ALAM,Bihar,Sheohar,SMJSKTP,MALE,28,GENERAL,Graduate,1,1980600,1560000,0,Scissors,4867,4,4871,0.46,0.27,0.48,1025434,1055989,1834437
DEVESH CHANDRA THAKUR,Bihar,Sitamarhi,JD(U),MALE,71,GENERAL,Graduate Professional,1,,,1,Arrow,514940,779,515719,47.01,26.45,48.57,1061859,1096960,1950028
KRISHNA KISHORE,Bihar,Sitamarhi,IND,MALE,38,GENERAL,Others,5,8927200,0,0,Auto- rickshaw,3280,0,3280,0.3,0.17,0.31,1061859,1096960,1950028
ASHOK KUMAR YADAV,Bihar,Madhubani,BJP,MALE,54,GENERAL,Doctorate,2,,,1,Lotus,552705,723,553428,53.83,28.57,54.96,1007009,1028128,1936759
PRIYE RANJAN,Bihar,Madhubani,IND,MALE,31,GENERAL,Post Graduate,2,,,0,Auto- rickshaw,7046,4,7050,0.69,0.36,0.7,1007009,1028128,1936759
SUMAN KUMAR MAHASETH,Bihar,Jhanjharpur,VSIP,MALE,59,GENERAL,Graduate Professional,6,214427249,600000,0,Lady purse,347989,874,348863,31.89,17.4,32.98,1057813,1094117,2005278
GULAB YADAV,Bihar,Jhanjharpur,BSP,MALE,56,GENERAL,Literate,2,162504239,4909206,0,Elephant,73532,352,73884,6.75,3.68,6.98,1057813,1094117,2005278
GANGA PRASAD YADAV,Bihar,Jhanjharpur,IND,MALE,41,GENERAL,8th Pass,1,,,0,Basket containing Fruits,18064,10,18074,1.65,0.9,1.71,1057813,1094117,2005278
DILESHWAR KAMAIT,Bihar,Supaul,JD(U),MALE,78,GENERAL,Graduate,1,36191958,0,1,Arrow,592922,2116,595038,48.32,30.85,49.08,1212502,1231554,1928887
CHANDRAHAS CHAUPAL,Bihar,Supaul,RJD,MALE,47,SC,Graduate,2,24989614,375000,0,Hurricane lamp,422037,3198,425235,34.53,22.05,35.07,1212502,1231554,1928887
NITISH KUMAR,Bihar,Supaul,IND,MALE,39,GENERAL,Graduate,1,2106000,100000,0,Auto- rickshaw,5894,21,5915,0.48,0.31,0.49,1212502,1231554,1928887
PRADEEP KUMAR SINGH,Bihar,Araria,BJP,MALE,58,GENERAL,10th Pass,4,16059806,1679230,1,Lotus,599118,1028,600146,47.91,29.71,48.44,1239056,1252751,2019757
SHAHNAWAZ,Bihar,Araria,RJD,MALE,42,GENERAL,Graduate Professional,1,33305135,0,0,Hurricane lamp,578904,1148,580052,46.3,28.72,46.81,1239056,1252751,2019757
MUSHTAK ALAM,Bihar,Araria,IND,MALE,49,GENERAL,5th Pass,2,72890900,350000,0,Air conditioner,4897,2,4899,0.39,0.24,0.4,1239056,1252751,2019757
ZAWED AKHTAR,Bihar,Araria,TNRMPI,MALE,40,GENERAL,Literate,2,1852633,0,0,Gas Stove,3037,4,3041,0.24,0.15,0.25,1239056,1252751,2019757
MUJAHID ALAM,Bihar,Kishanganj,JD(U),MALE,54,GENERAL,Graduate,1,24560407,1200000,0,Arrow,342795,363,343158,29.81,18.75,30.47,1126133,1151296,1830197
AKHTARUL IMAN,Bihar,Kishanganj,AIMIM,MALE,60,GENERAL,Post Graduate,4,,,0,Kite,309011,253,309264,26.86,16.9,27.46,1126133,1151296,1830197
MD GUFRAN JAMALI,Bihar,Kishanganj,IND,MALE,27,GENERAL,Post Graduate,2,52000,0,0,Immersion rod,9992,1,9993,0.87,0.55,0.89,1126133,1151296,1830197
BABUL ALAM,Bihar,Kishanganj,BSP,MALE,44,GENERAL,10th Pass,1,,,0,Elephant,7575,4,7579,0.66,0.41,0.67,1126133,1151296,1830197
SHAHABUZZAMA BHARTIYA,Bihar,Kishanganj,RSPS,MALE,48,GENERAL,Graduate Professional,7,33224000,0,0,Black board,6055,0,6055,0.53,0.33,0.54,1126133,1151296,1830197
DULAL CHANDRA GOSWAMI,Bihar,Katihar,JD(U),MALE,56,GENERAL,Graduate,1,23813270,6363267,0,Arrow,516199,1030,517229,44.11,28.19,45.03,1148607,1172533,1834512
RAJ KUMAR MANDAL,Bihar,Katihar,RJBP,MALE,52,ST,Post Graduate,1,,,0,Cauliflower,8473,14,8487,0.72,0.46,0.74,1148607,1172533,1834512
RAJESH RANJAN ALIAS PAPPU YADAV,Bihar,Purnia,IND,MALE,56,GENERAL,Graduate,41,120884682,17236808,1,Scissors,566867,689,567556,47.45,29.95,48.43,1172010,1196238,1895036
SANTOSH KUMAR,Bihar,Purnia,JD(U),MALE,48,GENERAL,8th Pass,1,6351500,14500,0,Arrow,543313,396,543709,45.45,28.69,46.39,1172010,1196238,1895036
BIMA BHARTI,Bihar,Purnia,RJD,FEMALE,49,GENERAL,Literate,3,,,0,Hurricane lamp,27017,103,27120,2.27,1.43,2.31,1172010,1196238,1895036
DA KUMAR CHANDRADEEP,Bihar,Madhepura,RJD,MALE,57,GENERAL,Doctorate,1,,,0,Hurricane lamp,464982,1133,466115,38.53,22.48,39.6,1177070,1209822,2073608
GOPAL JEE THAKUR,Bihar,Darbhanga,BJP,MALE,54,GENERAL,Doctorate,1,39078830,6875610,1,Lotus,565706,924,566630,55.28,31.78,56.65,1000280,1024986,1782853
LALIT KUMAR YADAV,Bihar,Darbhanga,RJD,MALE,58,GENERAL,Post Graduate,1,,,0,Hurricane lamp,387408,1066,388474,37.9,21.79,38.84,1000280,1024986,1782853
AJAY NISHAD,Bihar,Muzaffarpur,INC,MALE,55,GENERAL,Graduate,2,296291687,10202589,0,Hand,383759,1063,384822,34.58,20.59,34.83,1104872,1112933,1869072
JITENDRA KUMAR,Bihar,Muzaffarpur,IND,MALE,56,GENERAL,Post Graduate,1,1229400,0,0,Scissors,8692,8,8700,0.78,0.47,0.79,1104872,1112933,1869072
NILIMA KUMARI,Bihar,Muzaffarpur,IND,FEMALE,48,GENERAL,Post Graduate,1,2539456,0,0,Bangles,7309,1,7310,0.66,0.39,0.66,1104872,1112933,1869072
SUNITA KUMARI,Bihar,Muzaffarpur,BJKVP,FEMALE,53,GENERAL,Post Graduate,1,,,0,Grapes,4791,1,4792,0.43,0.26,0.43,1104872,1112933,1869072
MUKESH KUMAR,Bihar,Muzaffarpur,IND,MALE,55,GENERAL,Not Given,1,700,0,0,Basket containing Fruits,3225,0,3225,0.29,0.17,0.29,1104872,1112933,1869072
AJITANSH GAUR,Bihar,Muzaffarpur,TAGRNP,MALE,35,GENERAL,Post Graduate,3,135666,0,0,Nagrik,1840,3,1843,0.17,0.1,0.17,1104872,1112933,1869072
SANJAY KUMAR,Bihar,Muzaffarpur,IND,MALE,41,GENERAL,5th Pass,6,1215000,0,0,Almirah,1811,1,1812,0.16,0.1,0.16,1104872,1112933,1869072
ABHAY KUMAR,Bihar,Muzaffarpur,SAP,MALE,41,GENERAL,12th Pass,1,,,0,Battery Torch,1170,4,1174,0.11,0.06,0.11,1104872,1112933,1869072
VEENA DEVI,Bihar,Vaishali,LJPRV,FEMALE,53,GENERAL,10th Pass,3,,,1,Helicopter,566225,818,567043,48.36,30.29,49.54,1144600,1172436,1871877
VIJAY KUMAR SHUKLA,Bihar,Vaishali,RJD,MALE,55,GENERAL,Doctorate,18,278909949,78544428,0,Hurricane lamp,476199,1210,477409,40.72,25.5,41.71,1144600,1172436,1871877
VINOD KUMAR SHARMA,Bihar,Vaishali,JNTRAAWJP,MALE,41,GENERAL,Graduate Professional,3,15191279,155000,0,Air conditioner,2929,5,2934,0.25,0.16,0.26,1144600,1172436,1871877
PREM NATH CHANCHAL ALIAS CHANCHAL PASWAN,Bihar,Gopalganj,VSIP,MALE,36,SC,Post Graduate,1,18371625,3007530,0,Lady purse,383065,1621,384686,36.13,18.98,37.71,1020164,1064581,2027054
DINANATH MANJHI,Bihar,Gopalganj,AIMIM,MALE,45,SC,Graduate,1,,,0,Kite,29900,92,29992,2.82,1.48,2.94,1020164,1064581,2027054
SURENDRA RAM,Bihar,Gopalganj,BRRTD,MALE,56,SC,Literate,3,5335500,85000,0,Brush,6673,39,6712,0.63,0.33,0.66,1020164,1064581,2027054
HENA SHAHAB,Bihar,Siwan,IND,FEMALE,53,GENERAL,Graduate,2,142476988,1116288,0,Auto- rickshaw,293084,567,293651,29.42,15.44,30.24,971054,998204,1901956
AWADH BIHARI CHOUDHARY,Bihar,Siwan,RJD,MALE,77,GENERAL,Graduate,2,46665756,1397000,0,Hurricane lamp,198063,760,198823,19.92,10.45,20.47,971054,998204,1901956
JEEWAN KUMAR,Bihar,Siwan,IND,MALE,34,GENERAL,12th Pass,8,,,0,Cot,18489,101,18590,1.86,0.98,1.91,971054,998204,1901956
MAHENDRA SINGH ALIAS MAHENDRA RAI,Bihar,Siwan,IND,MALE,38,GENERAL,Graduate,1,,,0,Grapes,3920,2,3922,0.39,0.21,0.4,971054,998204,1901956
TRIBHUWAN RAM,Bihar,Maharajganj,PPID,MALE,51,SC,Graduate,1,1156867,300000,0,Basket containing Fruits,14830,8,14838,1.46,0.76,1.5,992422,1015313,1942449
AKHILESHWAR PRASAD SINGH,Bihar,Maharajganj,AIMIM,MALE,72,GENERAL,Graduate,3,,,0,Kite,7750,17,7767,0.76,0.4,0.78,992422,1015313,1942449
SHATRUDHAN TIWARY,Bihar,Saran,BHRTSP,MALE,63,GENERAL,8th Pass,3,26124905,11689473,0,Boat with man and sail,3661,26,3687,0.36,0.2,0.37,1010091,1022613,1800790
GYANI KUMAR SHARMA,Bihar,Saran,BED,MALE,37,GENERAL,Post Graduate,3,51000,0,0,Battery Torch,1699,5,1704,0.17,0.09,0.17,1010091,1022613,1800790
SHIV CHANDRA RAM,Bihar,Hajipur,RJD,MALE,53,SC,Graduate,3,24107571,6527138,0,Hurricane lamp,442553,3060,445613,38.56,22.59,39.84,1118397,1155605,1972915
SHAILENDRA KUMAR,Bihar,Hajipur,IND,MALE,44,SC,Post Graduate,1,811300,0,0,Auto- rickshaw,6153,8,6161,0.53,0.31,0.55,1118397,1155605,1972915
ASHOK KUMAR,Bihar,Hajipur,SAP,MALE,52,SC,Post Graduate,1,,,0,Almirah,4701,20,4721,0.41,0.24,0.42,1118397,1155605,1972915
ASHOK KUMAR,Bihar,Hajipur,SAP,MALE,52,SC,Graduate,2,15929248,0,0,Almirah,4701,20,4721,0.41,0.24,0.42,1118397,1155605,1972915
BALENDRA DAS,Bihar,Hajipur,JNSKJNDL,MALE,52,SC,Post Graduate,2,,,0,Flute,1308,10,1318,0.11,0.07,0.12,1118397,1155605,1972915
NITYANAND RAI,Bihar,Ujiarpur,BJP,MALE,58,GENERAL,Graduate,3,179527017,1400000,1,Lotus,515159,806,515965,49.48,29.51,50.64,1018799,1042749,1748377
ALOK KUMAR MEHTA,Bihar,Ujiarpur,RJD,MALE,55,GENERAL,Graduate Professional,3,105815493,1633010,0,Hurricane lamp,454870,993,455863,43.72,26.07,44.75,1018799,1042749,1748377
SANJAY PASWAN,Bihar,Ujiarpur,IND,MALE,45,SC,10th Pass,1,4541000,90000,0,Kettle,16961,2,16963,1.63,0.97,1.66,1018799,1042749,1748377
RAKESH KUMAR,Bihar,Ujiarpur,IND,MALE,31,GENERAL,12th Pass,5,5598600,600000,0,Auto- rickshaw,5953,4,5957,0.57,0.34,0.58,1018799,1042749,1748377
SANTHOSH RAI,Bihar,Ujiarpur,RJBP,MALE,43,GENERAL,Post Graduate,1,60000,0,0,Cauliflower,4423,3,4426,0.42,0.25,0.43,1018799,1042749,1748377
AMARESH RAY,Bihar,Ujiarpur,IND,MALE,45,GENERAL,10th Pass,3,29253500,50000,0,Air conditioner,2140,3,2143,0.21,0.12,0.21,1018799,1042749,1748377
ANSHU KUMAR,Bihar,Ujiarpur,SBSPSP,MALE,29,GENERAL,Graduate,2,880000,0,0,Almirah,1749,7,1756,0.17,0.1,0.17,1018799,1042749,1748377
MANOJ KUMAR,Bihar,Ujiarpur,JRVP,MALE,42,GENERAL,Post Graduate,2,16260000,0,1,Scissors,937,2,939,0.09,0.05,0.09,1018799,1042749,1748377
MANOJ KUMAR,Bihar,Ujiarpur,JRVP,MALE,42,GENERAL,12th Pass,1,720227,500000,1,Scissors,937,2,939,0.09,0.05,0.09,1018799,1042749,1748377
MANOJ KUMAR,Bihar,Ujiarpur,JRVP,MALE,42,GENERAL,12th Pass,2,,,1,Scissors,937,2,939,0.09,0.05,0.09,1018799,1042749,1748377
MANOJ KUMAR,Bihar,Ujiarpur,JRVP,MALE,42,GENERAL,Graduate,1,32491416,2400000,1,Scissors,937,2,939,0.09,0.05,0.09,1018799,1042749,1748377
GIRIRAJ SINGH,Bihar,Begusarai,BJP,MALE,71,GENERAL,Graduate,3,143169297,9000000,1,Lotus,646912,2419,649331,50.09,29.51,51.04,1272291,1296227,2200435
ABDHESH KUMAR ROY,Bihar,Begusarai,CPI,MALE,72,GENERAL,12th Pass,4,4554459,0,0,Ears of corn and sickle,564310,3541,567851,43.81,25.81,44.63,1272291,1296227,2200435
ARUN KUMAR,Bihar,Begusarai,IND,MALE,61,GENERAL,12th Pass,1,,,0,Almirah,4030,15,4045,0.31,0.18,0.32,1272291,1296227,2200435
ARUN KUMAR,Bihar,Begusarai,IND,MALE,61,GENERAL,Doctorate,1,99021663,900000,0,Almirah,4030,15,4045,0.31,0.18,0.32,1272291,1296227,2200435
RAJESH VERMA,Bihar,Khagaria,LJPRV,MALE,31,GENERAL,Graduate Professional,12,53894412,40745130,1,Helicopter,537331,1326,538657,50.71,29.22,52.26,1030783,1062299,1843767
SANJAY KUMAR,Bihar,Khagaria,CPI(M),MALE,56,GENERAL,5th Pass,6,1215000,0,0,"Hammer, Sickle and Star",375988,1538,377526,35.54,20.48,36.63,1030783,1062299,1843767
DINANATH CHANDRAVANSHI,Bihar,Khagaria,IND,MALE,39,GENERAL,8th Pass,3,1271000,1406000,0,Football player,6142,20,6162,0.58,0.33,0.6,1030783,1062299,1843767
AJEET SHARMA,Bihar,Bhagalpur,INC,MALE,70,GENERAL,Graduate,2,,,0,Hand,430025,1138,431163,40.48,21.69,41.77,1032278,1065031,1988207
RAMESH TUDU,Bihar,Bhagalpur,IND,MALE,42,ST,Others,1,4309000,0,0,Auto- rickshaw,6629,5,6634,0.62,0.33,0.64,1032278,1065031,1988207
DEEPAK KUMAR,Bihar,Bhagalpur,SUCI,MALE,45,GENERAL,Graduate,1,17489137,2932060,0,Battery Torch,3758,5,3763,0.35,0.19,0.36,1032278,1065031,1988207
MUKESH KUMAR,Bihar,Bhagalpur,AKBRPRVP,MALE,38,SC,Not Given,1,700,0,0,Kettle,3670,11,3681,0.35,0.19,0.36,1032278,1065031,1988207
GANESH KUMAR KUSHAWAHA,Bihar,Banka,SAP,MALE,44,GENERAL,Literate,1,,,0,Flute,7627,18,7645,0.75,0.41,0.78,979266,1014931,1859967
DR. SANDEEP SAURAV,Bihar,Nalanda,CPI(ML)(L),MALE,37,GENERAL,Doctorate,1,2248274,1129483,0,Flag with three stars,388052,2256,390308,34.09,17.01,34.69,1125166,1144956,2293994
SANJAY RAJESH,Bihar,Nalanda,KPJD,MALE,52,GENERAL,Graduate,1,8690000,0,0,Truck,7878,9,7887,0.69,0.34,0.7,1125166,1144956,2293994
SUDHIR DAS,Bihar,Nalanda,IND,MALE,41,SC,Literate,1,,,0,Binoculars,6804,2,6806,0.59,0.3,0.6,1125166,1144956,2293994
SANYUKTA KUMARI,Bihar,Nalanda,IND,FEMALE,47,GENERAL,10th Pass,2,,,0,Bicycle pump,6232,6,6238,0.54,0.27,0.55,1125166,1144956,2293994
RAMESH KUMAR,Bihar,Nalanda,NBEP,MALE,50,GENERAL,Post Graduate,3,85528,0,0,Gas cylinder,3840,5,3845,0.34,0.17,0.34,1125166,1144956,2293994
SURENDER SINGH,Bihar,Nalanda,IND,MALE,45,GENERAL,12th Pass,1,,,0,Biscuit,3341,4,3345,0.29,0.15,0.3,1125166,1144956,2293994
DILIP KUMAR,Bihar,Nalanda,MOSP,MALE,40,GENERAL,12th Pass,1,4841500,0,0,Hockey and ball,2724,5,2729,0.24,0.12,0.24,1125166,1144956,2293994
AWADHESH PRASAD,Bihar,Patna Sahib,IND,MALE,64,GENERAL,Post Graduate,1,52967071,1000000,1,School bag,4973,1,4974,0.46,0.22,0.46,1069937,1075992,2295527
MISHA BHARTI,Bihar,Patliputra,RJD,FEMALE,47,GENERAL,Graduate Professional,6,,,1,Hurricane lamp,612147,1136,613283,49.83,29.48,50.08,1224493,1230694,2080613
RAM KRIPAL YADAV,Bihar,Patliputra,BJP,MALE,63,GENERAL,Graduate,2,,,0,Lotus,526608,1501,528109,42.91,25.38,43.13,1224493,1230694,2080613
MD FAROOQUE RAZA,Bihar,Patliputra,AIMIM,MALE,42,GENERAL,12th Pass,2,24949734,2000000,0,Kite,4010,13,4023,0.33,0.19,0.33,1224493,1230694,2080613
SUBHASH KUMAR,Bihar,Patliputra,BHRTLKCHTP,MALE,47,GENERAL,12th Pass,3,119361258,2800000,0,Cot,1979,0,1979,0.16,0.1,0.16,1224493,1230694,2080613
NITESH KUMAR PATEL,Bihar,Patliputra,AJD,MALE,33,GENERAL,Post Graduate,3,1600500,0,0,Telephone,1816,1,1817,0.15,0.09,0.15,1224493,1230694,2080613
SUDAMA PRASAD,Bihar,Arrah,CPI(ML)(L),MALE,56,GENERAL,Graduate,3,9098946,2921615,1,Flag with three stars,526564,2818,529382,48.25,24.24,49.04,1079598,1097080,2183625
KRISHNA PASWAN,Bihar,Arrah,BKVP,MALE,54,SC,12th Pass,6,1035000,0,0,Ganna kisan,8709,40,8749,0.8,0.4,0.81,1079598,1097080,2183625
RAMJEE SINGH,Bihar,Arrah,VPI,MALE,52,GENERAL,12th Pass,1,4040000,0,0,Gas cylinder,2435,5,2440,0.22,0.11,0.23,1079598,1097080,2183625
SUDHAKAR SINGH,Bihar,Buxar,RJD,MALE,52,GENERAL,Graduate,3,67851400,57394347,1,Hurricane lamp,435062,3283,438345,40.81,22.66,41.19,1064142,1074086,1934352
MITHILESH TIWARI,Bihar,Buxar,BJP,MALE,53,GENERAL,Graduate,2,26788071,2012016,0,Lotus,405795,2459,408254,38.01,21.11,38.36,1064142,1074086,1934352
ANIL KUMAR,Bihar,Buxar,BSP,MALE,45,GENERAL,Graduate,6,84736820,11704610,0,Elephant,114312,402,114714,10.68,5.93,10.78,1064142,1074086,1934352
DADAN YADAV,Bihar,Buxar,IND,MALE,60,GENERAL,12th Pass,17,56437500,460430000,0,Sewing machine,15653,183,15836,1.47,0.82,1.49,1064142,1074086,1934352
MANOJ KUMAR,Bihar,Sasaram,INC,MALE,40,SC,Post Graduate,2,16260000,0,1,Hand,509977,3027,513004,46.72,26.79,47.51,1079856,1097925,1914914
MANOJ KUMAR,Bihar,Sasaram,INC,MALE,40,SC,12th Pass,1,720227,500000,1,Hand,509977,3027,513004,46.72,26.79,47.51,1079856,1097925,1914914
MANOJ KUMAR,Bihar,Sasaram,INC,MALE,40,SC,12th Pass,2,,,1,Hand,509977,3027,513004,46.72,26.79,47.51,1079856,1097925,1914914
MANOJ KUMAR,Bihar,Sasaram,INC,MALE,40,SC,Graduate,1,32491416,2400000,1,Hand,509977,3027,513004,46.72,26.79,47.51,1079856,1097925,1914914
SANTOSH KUMAR,Bihar,Sasaram,BSP,MALE,28,SC,8th Pass,1,6351500,14500,0,Elephant,45491,107,45598,4.15,2.38,4.22,1079856,1097925,1914914
SANTOSH KUMAR KHARWAR,Bihar,Sasaram,BHAGP,MALE,47,SC,Graduate,1,,,0,Walking stick,4817,5,4822,0.44,0.25,0.45,1079856,1097925,1914914
UJARAN MUSAHAR,Bihar,Sasaram,JNJWDIP,MALE,51,SC,Literate,1,684000,0,0,Saw,2616,4,2620,0.24,0.14,0.24,1079856,1097925,1914914
PAWAN SINGH,Bihar,Karakat,IND,MALE,38,GENERAL,10th Pass,7,,,0,Scissors,273546,1177,274723,26.58,14.55,27.2,1010023,1033379,1888005
UPENDRA KUSHWAHA,Bihar,Karakat,RSHTLKM,MALE,61,GENERAL,Post Graduate,7,18120465,1263756,0,Gas cylinder,253088,788,253876,24.57,13.45,25.14,1010023,1033379,1888005
PRIYANKA PRASAD CHOUDHARY,Bihar,Karakat,AIMIM,FEMALE,31,GENERAL,Graduate,1,25304133,100000,0,Kite,10983,23,11006,1.07,0.58,1.09,1010023,1033379,1888005
PRADEEP KUMAR JOSHI,Bihar,Karakat,RSWD,MALE,55,GENERAL,12th Pass,15,,,0,Almirah,5891,28,5919,0.57,0.31,0.59,1010023,1033379,1888005
SURENDRA PRASAD YADAV,Bihar,Jahanabad,RJD,MALE,65,GENERAL,Post Graduate,7,138754448,0,1,Hurricane lamp,440352,2683,443035,47.76,26.39,48.46,914315,927696,1678716
ARUN KUMAR,Bihar,Jahanabad,BSP,MALE,65,GENERAL,12th Pass,1,,,0,Elephant,85696,684,86380,9.31,5.15,9.45,914315,927696,1678716
ARUN KUMAR,Bihar,Jahanabad,BSP,MALE,65,GENERAL,Doctorate,1,99021663,900000,0,Elephant,85696,684,86380,9.31,5.15,9.45,914315,927696,1678716
ASHUTOSH KUMAR,Bihar,Jahanabad,RJnJnP,MALE,36,GENERAL,Graduate,2,,,0,Bat,12954,259,13213,1.42,0.79,1.45,914315,927696,1678716
DEEPAK KUMAR,Bihar,Jahanabad,JRJP,MALE,26,GENERAL,Graduate,1,17489137,2932060,0,Football player,8944,26,8970,0.97,0.53,0.98,914315,927696,1678716
ABHAY KUMAR SINHA,Bihar,Aurangabad,RJD,MALE,53,GENERAL,12th Pass,16,107718589,47801483,1,Hurricane lamp,463845,1722,465567,49.21,24.82,50.43,923253,946044,1875809
SUSHIL KUMAR SINGH,Bihar,Aurangabad,BJP,MALE,58,GENERAL,Post Graduate,2,202121473,7561319,0,Lotus,384819,1637,386456,40.85,20.6,41.86,923253,946044,1875809
MOHAMMAD WALIULLAH KHAN,Bihar,Aurangabad,IND,MALE,44,GENERAL,Graduate,1,2830000,0,0,Almirah,6591,13,6604,0.7,0.35,0.72,923253,946044,1875809
JITAN RAM MANJHI,Bihar,Gaya,HAMS,MALE,78,SC,Graduate,6,3020578,0,1,Pan,492732,2228,494960,51.3,27.18,52.3,946388,964870,1821330
KUMAR SARVJEET,Bihar,Gaya,RJD,MALE,48,SC,Graduate Professional,1,119061473,2988914,0,Hurricane lamp,390469,2679,393148,40.75,21.59,41.54,946388,964870,1821330
ASHOK KUMAR PASWAN,Bihar,Gaya,IND,MALE,44,SC,Post Graduate,1,234153,0,0,Auto- rickshaw,2692,9,2701,0.28,0.15,0.29,946388,964870,1821330
ARUN KUMAR,Bihar,Gaya,IND,MALE,60,SC,12th Pass,1,,,0,Table,2531,23,2554,0.26,0.14,0.27,946388,964870,1821330
ARUN KUMAR,Bihar,Gaya,IND,MALE,60,SC,Doctorate,1,99021663,900000,0,Table,2531,23,2554,0.26,0.14,0.27,946388,964870,1821330
SHEO SHANKAR,Bihar,Gaya,BHRTLKCHTP,MALE,66,SC,Post Graduate,1,10009000,529000,0,Coconut farm,2370,14,2384,0.25,0.13,0.25,946388,964870,1821330
SHRAWAN KUMAR,Bihar,Nawada,RJD,MALE,50,GENERAL,10th Pass,6,,,0,Hurricane lamp,340562,2376,342938,39.34,17.06,40,857278,871838,2010286
GANAURI PANDIT,Bihar,Nawada,PPID,MALE,64,GENERAL,Doctorate,1,2157974,0,0,School bag,4558,32,4590,0.53,0.23,0.54,857278,871838,2010286
ARCHANA KUMARI,Bihar,Jamui,RJD,FEMALE,38,SC,Post Graduate,1,,,0,Hurricane lamp,395696,868,396564,40.49,20.76,41.61,953051,979337,1910619
TUKARAM BHARAT PARAB,Goa,North Goa,RVLTGONP,MALE,39,GENERAL,Post Graduate,5,,,0,Football,45460,284,45744,10,7.88,10.16,450436,457222,580710
CAPTAIN VIRIATO FERNANDES,Goa,South Goa,INC,MALE,54,GENERAL,Graduate Professional,1,,,1,Hand,216022,1814,217836,48.31,36.37,48.88,445683,450956,598934
RUBERT PEREIRA,Goa,South Goa,RVLTGONP,MALE,39,ST,12th Pass,1,,,0,Football,18718,167,18885,4.19,3.15,4.24,445683,450956,598934
DR KALIDAS VAINGANKAR,Goa,South Goa,IND,MALE,44,GENERAL,Graduate Professional,2,1055814,0,0,Ship,707,13,720,0.16,0.12,0.16,445683,450956,598934
GENIBEN NAGAJI THAKOR,Gujarat,Banaskantha,INC,FEMALE,48,GENERAL,Graduate,1,8533965,627886,1,Hand,667072,4811,671883,48.75,34.22,49.63,1353736,1378128,1963312
PRAVINBHAI ISHVARBHAI CHAUHAN,Gujarat,Banaskantha,SWNTRABYKT,MALE,34,SC,8th Pass,3,720200,0,0,Nagrik,1822,1,1823,0.13,0.09,0.13,1353736,1378128,1963312
CHANDANJI TALAJI THAKOR,Gujarat,Patan,INC,MALE,51,GENERAL,10th Pass,1,,,0,Hand,555134,4937,560071,46.85,27.7,47.61,1176403,1195554,2021772
GHAGHA MASIHULLAH ABDULHAMID,Gujarat,Patan,SDPI,MALE,50,GENERAL,Literate,1,6018700,0,0,Auto- rickshaw,2305,7,2312,0.19,0.11,0.2,1176403,1195554,2021772
ABDULHAQ ISMAIL NEDARIYA,Gujarat,Patan,IND,MALE,46,GENERAL,5th Pass,1,,,0,Table,1510,14,1524,0.13,0.08,0.13,1176403,1195554,2021772
MUSTAKBHAI JAMALBHAI SANGHANI,Gujarat,Sabarkantha,IND,MALE,56,GENERAL,10th Pass,1,,,0,Batsman,3196,7,3203,0.25,0.16,0.26,1248282,1271490,1980797
KANUBHAI KHIMJIBHAI GADHAVI,Gujarat,Sabarkantha,IND,MALE,51,GENERAL,12th Pass,1,,,0,Tiller,1467,38,1505,0.12,0.08,0.12,1248282,1271490,1980797
AMIT SHAH,Gujarat,Gandhinagar,BJP,MALE,59,GENERAL,12th Pass,3,656712498,4209587,1,Lotus,999984,10988,1010972,76.38,46.3,77.78,1299797,1323545,2183402
PATHAN IMTIYAJKHAN,Gujarat,Gandhinagar,IND,MALE,40,GENERAL,5th Pass,3,,,0,Refrigerator,786,56,842,0.06,0.04,0.06,1299797,1323545,2183402
NAVSADALAM IBRAHIMBHAI MALEK,Gujarat,Gandhinagar,IND,MALE,39,GENERAL,Literate,1,25428628,552000,0,Computer,726,6,732,0.06,0.03,0.06,1299797,1323545,2183402
HIMMATSINH PRAHLADSINH PATEL,Gujarat,Ahmedabad East,INC,MALE,62,GENERAL,8th Pass,2,114882848,6012313,0,Hand,303713,4991,308704,27.3,15.13,27.62,1117836,1130756,2040263
KOLI RAMESHBHAI VIRSANGBHAI VAGHELA,Gujarat,Surendranagar,IND,MALE,45,GENERAL,Literate,1,,,0,Auto- rickshaw,5173,16,5189,0.46,0.25,0.46,1118078,1133390,2035001
ZALA DEVRAJBHAI BABUBHAI,Gujarat,Surendranagar,IND,MALE,34,SC,8th Pass,3,483000,0,0,Hockey and ball,2442,21,2463,0.22,0.12,0.22,1118078,1133390,2035001
J.K.PATEL,Gujarat,Surendranagar,IND,MALE,47,GENERAL,12th Pass,1,11828344,795069,0,Batsman,2308,59,2367,0.21,0.12,0.21,1118078,1133390,2035001
PARSHOTTAMBHAI RUPALA,Gujarat,Rajkot,BJP,MALE,69,GENERAL,Graduate Professional,3,174316673,195000,1,Lotus,850846,7138,857984,67.3,40.61,68.22,1257620,1274866,2112726
NATHABHAI BHURABHAI ODEDRA,Gujarat,Porbandar,IND,MALE,59,GENERAL,8th Pass,1,,,0,Television,7164,137,7301,0.78,0.41,0.8,916009,930356,1769594
LAKHANSI ODEDARA,Gujarat,Porbandar,VKVIP,MALE,50,GENERAL,Graduate,2,,,0,Diamond,3130,42,3172,0.34,0.18,0.35,916009,930356,1769594
NADEEM MAHAMMAD HALA,Gujarat,Jamnagar,IND,MALE,42,GENERAL,5th Pass,4,,,0,Bat,1069,1,1070,0.1,0.06,0.1,1040151,1052099,1818959
CHUDASAMA RAJESHBHAI NARANBHAI,Gujarat,Junagadh,BJP,MALE,42,GENERAL,12th Pass,1,,,1,Lotus,578516,5533,584049,54.6,32.51,55.4,1054240,1069622,1796532
JOTVA HIRABHAI ARJANBHAI,Gujarat,Junagadh,INC,MALE,55,GENERAL,Graduate,2,66560865,5042297,0,Hand,444156,4399,448555,41.94,24.97,42.55,1054240,1069622,1796532
SANKHAT VIKRAMBHAI VISABHAI,Gujarat,Amreli,GBLRPBP,MALE,35,GENERAL,10th Pass,1,1570000,0,0,Pressure cooker,4958,51,5009,0.57,0.29,0.58,865077,877094,1733367
SANJAYBHAI MAGANBHAI MAKAWANA,Gujarat,Bhavnagar,IND,MALE,47,GENERAL,8th Pass,3,1611167,30000,0,Stumps,4131,22,4153,0.4,0.22,0.4,1028467,1051181,1918394
BHOI ASHISHKUMAR THAKORBHAI,Gujarat,Anand,IND,MALE,29,GENERAL,Graduate,1,41645,0,0,Gas cylinder,5525,17,5542,0.47,0.31,0.48,1152039,1170984,1780709
PARMAR HITESHKUMAR PARSOTTAMBHAI,Gujarat,Kheda,IND,MALE,42,SC,12th Pass,1,,,0,Bat,2730,11,2741,0.23,0.14,0.24,1157024,1179041,2008281
MANOJSINH RANAJITSINH RATHOD,Gujarat,Panchmahal,IND,MALE,26,GENERAL,10th Pass,1,185500,447844,0,Batsman,3984,29,4013,0.35,0.21,0.36,1111394,1132935,1898234
RAJESH RATHOD,Gujarat,Vadodara,IND,MALE,44,SC,5th Pass,1,516810,180000,0,Kettle,5416,53,5469,0.45,0.28,0.46,1193761,1213696,1950123
ATUL GAMECHI,Gujarat,Vadodara,IND,MALE,49,GENERAL,12th Pass,1,2054654,397058,0,Gas cylinder,1061,23,1084,0.09,0.06,0.09,1193761,1213696,1950123
DOSHI HARDIK BIPINBHAI,Gujarat,Vadodara,STWDRKSKP,MALE,36,GENERAL,Post Graduate,1,2181000,37000,0,Window,643,14,657,0.05,0.03,0.06,1193761,1213696,1950123
JASHUBHAI BHILUBHAI RATHVA,Gujarat,Chhota Udaipur,BJP,MALE,54,ST,Graduate,1,16589045,1940506,1,Lotus,791727,4862,796589,62.75,43.71,64.34,1238064,1269390,1822437
SUKHRAMBHAI HARIYABHAI RATHWA,Gujarat,Chhota Udaipur,INC,MALE,67,ST,10th Pass,1,,,0,Hand,394433,3379,397812,31.34,21.83,32.13,1238064,1269390,1822437
CHAITARBHAI DAMJIBHAI VASAVA,Gujarat,Bharuch,AAAP,MALE,35,ST,Graduate,13,5189754,0,0,Broom,518419,4042,522461,43.55,30.31,44.44,1175681,1199601,1723670
DILIPBHAI CHHOTUBHAI VASAVA,Gujarat,Bharuch,BHRTADVSIP,MALE,45,ST,Graduate,1,38025530,11720311,0,Hockey and ball,9981,33,10014,0.83,0.58,0.85,1175681,1199601,1723670
ISMAIL AHMAD PATEL,Gujarat,Bharuch,IND,MALE,66,GENERAL,12th Pass,13,2961470,0,0,Pressure cooker,1887,15,1902,0.16,0.11,0.16,1175681,1199601,1723670
DHARMESHKUMAR VISHNUBHAI VASAVA,Gujarat,Bharuch,IND,MALE,35,ST,8th Pass,1,,,0,Cot,1324,6,1330,0.11,0.08,0.11,1175681,1199601,1723670
SUMANBEN KHUSHWA (HANSIKA RAJPUT),Gujarat,Navsari,SVPP,FEMALE,35,GENERAL,8th Pass,1,1025000,250000,0,Whistle,1397,29,1426,0.11,0.06,0.11,1317754,1339344,2223804
ANANTKUMAR HASMUKHBHAI PATEL,Gujarat,Valsad,INC,MALE,46,ST,Post Graduate,4,19200000,1275000,0,Hand,547307,6215,553522,40.61,29.76,41.21,1343038,1363008,1860207
RAKESH KUMAR,Haryana,AMBALA,HRJSP,MALE,37,SC,12th Pass,5,5598600,600000,0,Ganna kisan,3110,1,3111,0.23,0.16,0.23,1340270,1348094,2003510
NAVEEN JINDAL,Haryana,KURUKSHETRA,BJP,MALE,54,GENERAL,Post Graduate,9,12414768000,73706000,1,Lotus,540677,1498,542175,44.92,30.12,45.05,1203433,1206961,1799822
DR SUSHIL GUPTA,Haryana,KURUKSHETRA,AAAP,MALE,63,GENERAL,Graduate Professional,1,,,0,Broom,511770,1384,513154,42.52,28.51,42.64,1203433,1206961,1799822
ABHAY SINGH CHAUTALA,Haryana,KURUKSHETRA,INLD,MALE,60,GENERAL,10th Pass,1,607039332,105760528,0,Spectacles,78362,346,78708,6.52,4.37,6.54,1203433,1206961,1799822
JAI KUMAR SAINI HAMIDPUR,Haryana,KURUKSHETRA,IND,MALE,37,GENERAL,10th Pass,1,13990000,614754,0,Ganna kisan,8090,3,8093,0.67,0.45,0.67,1203433,1206961,1799822
SURENDER SINGH,Haryana,KURUKSHETRA,IND,MALE,53,GENERAL,12th Pass,1,,,0,Ice cream,1599,0,1599,0.13,0.09,0.13,1203433,1206961,1799822
COMRADE RAMESH KHATKAR,Haryana,KURUKSHETRA,IND,MALE,44,GENERAL,Graduate Professional,2,,,0,Plastering trowel,714,3,717,0.06,0.04,0.06,1203433,1206961,1799822
ASHOK TANWAR,Haryana,SIRSA,BJP,MALE,48,SC,Doctorate,1,64496209,7673503,0,Lotus,464472,854,465326,34.31,23.97,34.46,1350509,1356358,1941319
DHARAMPAL VARTIA,Haryana,SIRSA,LLRP,MALE,35,SC,8th Pass,1,,,0,Matchbox,916,3,919,0.07,0.05,0.07,1350509,1356358,1941319
DESH RAJ,Haryana,HISAR,BSP,MALE,59,GENERAL,12th Pass,1,20481532,270000,0,Elephant,25892,123,26015,2.21,1.45,2.22,1170749,1175066,1799539
KULBIR,Haryana,HISAR,IND,MALE,40,GENERAL,10th Pass,1,1777000,500000,0,Shoe,1041,0,1041,0.09,0.06,0.09,1170749,1175066,1799539
ADVOCATE PARDEEP SIHMAR,Haryana,HISAR,PPID,MALE,37,SC,Graduate Professional,1,730600,0,0,Basket containing Fruits,871,5,876,0.07,0.05,0.07,1170749,1175066,1799539
AJIT SINGH,Haryana,HISAR,IND,MALE,57,GENERAL,12th Pass,3,,,0,Glass tumbler,794,2,796,0.07,0.04,0.07,1170749,1175066,1799539
VIJAY SINGH,Haryana,HISAR,IND,MALE,34,GENERAL,8th Pass,3,,,0,Bat,270,2,272,0.02,0.02,0.02,1170749,1175066,1799539
DIVYANSHU BUDHIRAJA,Haryana,KARNAL,INC,MALE,30,GENERAL,Graduate Professional,5,388567,0,0,Hand,504437,2271,506708,37.63,24.02,37.76,1341937,1346656,2109702
SONIA,Haryana,KARNAL,IND,FEMALE,37,SC,Graduate Professional,2,5616000,0,0,Pot,1846,5,1851,0.14,0.09,0.14,1341937,1346656,2109702
BALWAN SINGH,Haryana,KARNAL,IND,MALE,66,GENERAL,Post Graduate,2,2538559,0,0,Chakki,1186,2,1188,0.09,0.06,0.09,1341937,1346656,2109702
ROOP SINGH,Haryana,KARNAL,RGD,MALE,53,GENERAL,5th Pass,1,65306000,0,0,Batsman,766,3,769,0.06,0.04,0.06,1341937,1346656,2109702
AZAD SINGH PUNIA,Haryana,KARNAL,IND,MALE,59,SC,10th Pass,1,,,0,Gas cylinder,703,2,705,0.05,0.03,0.05,1341937,1346656,2109702
ASHOK KUMAR,Haryana,KARNAL,IND,MALE,45,GENERAL,Post Graduate,1,,,0,Apple,631,2,633,0.05,0.03,0.05,1341937,1346656,2109702
ASHOK KUMAR,Haryana,KARNAL,IND,MALE,45,GENERAL,Graduate,2,15929248,0,0,Apple,631,2,633,0.05,0.03,0.05,1341937,1346656,2109702
GAUBHAGAT SUMIT LATHER,Haryana,SONIPAT,IND,MALE,29,GENERAL,Post Graduate,2,21860500,380000,0,Air conditioner,877,5,882,0.08,0.05,0.08,1121624,1127054,1777008
SURENDER SINGH,Haryana,SONIPAT,IND,MALE,31,SC,12th Pass,1,,,0,Well,295,1,296,0.03,0.02,0.03,1121624,1127054,1777008
RAKESH SINGH,Haryana,ROHTAK,RSTJLKPS,MALE,43,GENERAL,10th Pass,1,,,0,Cot,2706,8,2714,0.22,0.14,0.22,1246084,1254043,1913628
ASHOK KUMAR,Haryana,ROHTAK,IND,MALE,39,GENERAL,Post Graduate,1,,,0,Cauliflower,627,2,629,0.05,0.03,0.05,1246084,1254043,1913628
ASHOK KUMAR,Haryana,ROHTAK,IND,MALE,39,GENERAL,Graduate,2,15929248,0,0,Cauliflower,627,2,629,0.05,0.03,0.05,1246084,1254043,1913628
MANISHA,Haryana,ROHTAK,IND,FEMALE,36,SC,8th Pass,1,4456412,0,0,Table,410,21,431,0.03,0.02,0.03,1246084,1254043,1913628
LALIT KUMAR,Haryana,ROHTAK,IND,MALE,29,GENERAL,Graduate Professional,1,4501602,0,0,Head phone,129,2,131,0.01,0.01,0.01,1246084,1254043,1913628
BAHADUR SINGH,Haryana,BHIWANI-MAHENDRAGARH,JNJP,MALE,67,GENERAL,Graduate,1,887010001,27178000,0,Key,15076,189,15265,1.29,0.84,1.3,1178108,1184437,1821764
JAGDISH,Haryana,BHIWANI-MAHENDRAGARH,IND,MALE,51,GENERAL,Illiterate,1,,,0,Bat,219,10,229,0.02,0.01,0.02,1178108,1184437,1821764
JAGDISH,Haryana,BHIWANI-MAHENDRAGARH,IND,MALE,51,GENERAL,Graduate,2,4647882,333000,0,Bat,219,10,229,0.02,0.01,0.02,1178108,1184437,1821764
RAJ BABBAR,Haryana,GURGAON,INC,MALE,71,GENERAL,Graduate,3,299144010,27268804,0,Hand,731696,1561,733257,45.74,28.37,45.98,1594815,1603233,2584982
RAHUL YADAV FAZILPURIA,Haryana,GURGAON,JNJP,MALE,33,GENERAL,8th Pass,1,28032820,52000,0,Key,13214,64,13278,0.83,0.51,0.83,1594815,1603233,2584982
SINGH RAM,Haryana,GURGAON,IND,MALE,69,GENERAL,12th Pass,1,1600000,0,0,Apple,789,2,791,0.05,0.03,0.05,1594815,1603233,2584982
ATUL,Haryana,FARIDABAD,IND,MALE,42,GENERAL,10th Pass,2,14127500,1600000,0,Battery Torch,1456,2,1458,0.1,0.06,0.1,1464501,1473728,2436637
GIRRAJ,Haryana,FARIDABAD,IND,MALE,47,GENERAL,10th Pass,2,,,0,Water tank,612,2,614,0.04,0.03,0.04,1464501,1473728,2436637
KANGNA RANAUT,Himachal Pradesh,MANDI,BJP,FEMALE,37,GENERAL,12th Pass,8,,,1,Lotus,527463,9559,537022,52.72,38.99,53.16,1010165,1018685,1377173
VIKRAMADITYA SINGH,Himachal Pradesh,MANDI,INC,MALE,34,GENERAL,Post Graduate,14,1005149088,15612918,0,Hand,453760,8507,462267,45.38,33.57,45.76,1010165,1018685,1377173
NARENDER KUMAR,Himachal Pradesh,MANDI,RTRYDVBHMP,MALE,54,GENERAL,Others,1,,,0,Flute,2422,25,2447,0.24,0.18,0.24,1010165,1018685,1377173
ANURAG SINGH THAKUR,Himachal Pradesh,HAMIRPUR,BJP,MALE,50,GENERAL,Graduate,1,,,1,Lotus,593055,14013,607068,57.68,41.69,58.26,1042085,1052398,1456099
SATPAL RAIZADA,Himachal Pradesh,HAMIRPUR,INC,MALE,53,GENERAL,10th Pass,1,,,0,Hand,414828,9883,424711,40.36,29.17,40.76,1042085,1052398,1456099
SUBEDAR MAJOR KULWANT SINGH PATIAL,Himachal Pradesh,HAMIRPUR,BHRJWNKP,MALE,56,GENERAL,10th Pass,1,18966000,1350000,0,Diamond,1176,63,1239,0.12,0.09,0.12,1042085,1052398,1456099
RAMESH CHAND SARTHI,Himachal Pradesh,HAMIRPUR,IND,MALE,50,SC,Graduate Professional,1,6497932,0,0,Black board,544,16,560,0.05,0.04,0.05,1042085,1052398,1456099
MAHADEV PATIL,Karnataka,Belgaum,IND,MALE,66,GENERAL,10th Pass,1,3143233,137425,0,Pot,9425,78,9503,0.69,0.49,0.69,1378163,1386821,1931746
BASAPPA GURUSIDDAPPA KUMBAR,Karnataka,Belgaum,KRS,MALE,64,GENERAL,10th Pass,1,13815000,700000,0,Battery Torch,5406,35,5441,0.39,0.28,0.39,1378163,1386821,1931746
RAVI SHIVAPPA PADASALAGI,Karnataka,Belgaum,IND,MALE,46,GENERAL,Post Graduate,1,,,0,Pressure cooker,3911,15,3926,0.28,0.2,0.28,1378163,1386821,1931746
RAVI SHIVAPPA PADASALAGI,Karnataka,Belgaum,IND,MALE,46,GENERAL,Post Graduate,1,39934584,9428554,0,Pressure cooker,3911,15,3926,0.28,0.2,0.28,1378163,1386821,1931746
SHARANAPPA MALLAPPA KOTLANNAVAR,Karnataka,Bagalkot,IND,MALE,43,GENERAL,10th Pass,1,6915399,1030000,0,Television,830,2,832,0.06,0.05,0.06,1314141,1319713,1810090
RAVI SHIVAPPA PADASALAGI,Karnataka,Bagalkot,IND,MALE,46,GENERAL,Post Graduate,1,,,0,Pressure cooker,654,2,656,0.05,0.04,0.05,1314141,1319713,1810090
RAVI SHIVAPPA PADASALAGI,Karnataka,Bagalkot,IND,MALE,46,GENERAL,Post Graduate,1,39934584,9428554,0,Pressure cooker,654,2,656,0.05,0.04,0.05,1314141,1319713,1810090
GANAPATI RATHOD (HANJAGI),Karnataka,Bijapur,KRS,MALE,44,SC,Literate,1,2882500,510000,0,Battery Torch,7652,39,7691,0.59,0.39,0.6,1288612,1297073,1947976
RAMJI YAMANAPPA BUDDHAPRIYA,Karnataka,Bijapur,NBEP,MALE,41,SC,10th Pass,1,,,0,Auto- rickshaw,2414,12,2426,0.19,0.12,0.19,1288612,1297073,1947976
RADHAKRISHNA,Karnataka,Gulbarga,INC,MALE,63,SC,10th Pass,1,533899960,72386247,1,Hand,650623,1698,652321,49.75,31.08,50.1,1302048,1311233,2098778
JYOTI RAMESH CHAVAN,Karnataka,Gulbarga,IND,FEMALE,33,SC,Post Graduate,1,,,0,Diamond,2787,18,2805,0.21,0.13,0.22,1302048,1311233,2098778
RAMESH BHIMSING CHAVAN,Karnataka,Gulbarga,IND,MALE,39,SC,Post Graduate,2,,,0,Gas cylinder,1332,2,1334,0.1,0.06,0.1,1302048,1311233,2098778
ANAND SINNUR,Karnataka,Gulbarga,IND,MALE,34,SC,Graduate,1,,,0,Kettle,1271,9,1280,0.1,0.06,0.1,1302048,1311233,2098778
AMARESH,Karnataka,Raichur,IND,MALE,35,ST,10th Pass,1,,,0,Coconut farm,4459,6,4465,0.34,0.22,0.35,1289769,1304825,2010441
RAMESH J CHAVAN,Karnataka,Bidar,KRS,MALE,31,SC,Post Graduate,1,377084,0,0,Battery Torch,471,1,472,0.04,0.02,0.04,1237636,1243057,1894364
RAMCHANDRA NARAYAN KACHAVE,Karnataka,Bidar,KKJHS,MALE,54,GENERAL,Graduate Professional,1,10840000,0,0,Auto- rickshaw,468,4,472,0.04,0.02,0.04,1237636,1243057,1894364
K. RAJASHEKAR BASAVARAJ HITNAL,Karnataka,Koppal,INC,MALE,44,GENERAL,12th Pass,3,290429579,126252712,1,Hand,661921,1590,663511,49.89,35.54,50.06,1325417,1329839,1867016
PA.YA. GANESH,Karnataka,Koppal,IND,MALE,50,SC,Graduate,2,61998,224000,0,Chappals,1892,3,1895,0.14,0.1,0.14,1325417,1329839,1867016
B. SREERAMULU,Karnataka,Bellary,BJP,MALE,53,ST,Graduate,5,708654662,69764831,0,Lotus,629813,2040,631853,45.46,33.53,45.72,1382025,1389995,1884472
ANANDSWAMY GADDADEVARMATH,Karnataka,Haveri,INC,MALE,46,GENERAL,Graduate,1,568154912,224668569,0,Hand,660191,1834,662025,47.38,36.89,47.8,1384947,1397131,1794394
DR. G H IMRAPUR,Karnataka,Haveri,IND,MALE,64,GENERAL,Doctorate,1,235700000,7400000,0,Grapes,930,23,953,0.07,0.05,0.07,1384947,1397131,1794394
VISHWANATH SHEERI,Karnataka,Haveri,ESBD,MALE,35,GENERAL,Others,1,4027579,0,0,Flute,401,0,401,0.03,0.02,0.03,1384947,1397131,1794394
VINOD ASOOTI,Karnataka,Dharwad,INC,MALE,34,GENERAL,Graduate,1,,,0,Hand,617616,1291,618907,45.29,33.75,45.5,1360344,1366570,1834015
DR. GURAPPA H IMRAPUR,Karnataka,Dharwad,IND,MALE,64,GENERAL,Post Graduate,1,235810000,7400000,0,Jackfruit,510,4,514,0.04,0.03,0.04,1360344,1366570,1834015
B.Y.RAGHAVENDRA,Karnataka,Shimoga,BJP,MALE,50,GENERAL,Graduate,1,,,1,Lotus,775731,2990,778721,56.49,44.41,56.72,1372892,1378579,1753615
GANESH. B (BELLI),Karnataka,Shimoga,IND,MALE,54,GENERAL,12th Pass,2,10463055,75000,0,Diamond,736,11,747,0.05,0.04,0.05,1372892,1378579,1753615
KUNAJE MANJUNATHA GOWDA,Karnataka,Shimoga,IND,MALE,52,GENERAL,12th Pass,1,6166740,25000,0,Coconut farm,671,12,683,0.05,0.04,0.05,1372892,1378579,1753615
S.K PRABHU,Karnataka,Shimoga,KRS,MALE,62,GENERAL,5th Pass,2,937180,100000,0,Battery Torch,611,6,617,0.04,0.04,0.04,1372892,1378579,1753615
P. SRIPATHI. BHAT,Karnataka,Shimoga,IND,MALE,66,GENERAL,8th Pass,2,400222,0,0,Balloon,343,1,344,0.02,0.02,0.03,1372892,1378579,1753615
SHABAREESH,Karnataka,Udupi Chikmagalur,KRUNDSVKRA,MALE,33,SC,12th Pass,4,14819284,0,0,Coconut farm,560,5,565,0.05,0.04,0.05,1218149,1231062,1585721
SHREYAS. M. PATEL,Karnataka,Hassan,INC,MALE,32,GENERAL,Graduate,1,426710045,8880873,1,Hand,670274,2714,672988,49.58,38.7,49.98,1346466,1357375,1738818
S.K. NINGARAJA,Karnataka,Hassan,BUJNBHRTP,MALE,47,SC,10th Pass,1,2230000,3000000,0,Ship,1710,20,1730,0.13,0.1,0.13,1346466,1357375,1738818
CAPTAIN BRIJESH CHOWTA,Karnataka,Dakshina Kannada,BJP,MALE,42,GENERAL,Graduate,1,7056365,962010,1,Lotus,760130,4002,764132,53.87,42.03,54.89,1392194,1418468,1818127
DEEPAK RAJESH COELHO,Karnataka,Dakshina Kannada,IND,MALE,48,GENERAL,12th Pass,1,10090000,0,0,Diesel pump,950,26,976,0.07,0.05,0.07,1392194,1418468,1818127
TULASI.H,Karnataka,Chitradurga,IND,FEMALE,38,SC,12th Pass,1,895000,0,0,Bangles,1065,17,1082,0.08,0.06,0.08,1363719,1367995,1857385
V. SOMANNA,Karnataka,Tumkur,BJP,MALE,72,GENERAL,Graduate,1,607805215,226300461,1,Lotus,716709,4237,720946,55.27,43.38,55.59,1296991,1304308,1661834
BASAVARAJU. H.R,Karnataka,Tumkur,NMSP,MALE,53,GENERAL,12th Pass,1,,,0,Hockey and ball,433,6,439,0.03,0.03,0.03,1296991,1304308,1661834
H.D. KUMARASWAMY,Karnataka,Mandya,JD(S),MALE,65,GENERAL,Graduate,3,,,1,A lady farmer carrying paddy on her head,847482,4399,851881,58.33,47.85,58.65,1452531,1460563,1780149
M. LAKSHMANA,Karnataka,Mysore,INC,MALE,59,GENERAL,Graduate Professional,4,30360160,3530980,0,Hand,653739,2502,656241,44.16,31.33,44.34,1479983,1486191,2094310
SUNIL BOSE,Karnataka,Chamarajanagar,INC,MALE,42,SC,12th Pass,1,78466251,55678947,1,Hand,749926,1745,751671,54.85,42.26,55.2,1361654,1370336,1778667
H.K.SWAMY HARADANAHALLI,Karnataka,Chamarajanagar,IND,MALE,43,SC,12th Pass,1,3137000,350000,0,Bangles,3206,2,3208,0.23,0.18,0.24,1361654,1370336,1778667
PRASANNA KUMAR.B,Karnataka,Chamarajanagar,KPPR,MALE,36,SC,Graduate Professional,3,,,0,Sewing machine,972,6,978,0.07,0.05,0.07,1361654,1370336,1778667
D K SURESH,Karnataka,Bangalore Rural,INC,MALE,57,GENERAL,12th Pass,3,5930525395,1500626994,0,Hand,807459,1896,809355,42.14,28.88,42.4,1908891,1920679,2802956
C N MANJUNATHA,Karnataka,Bangalore Rural,BUJNBHRTP,MALE,52,SC,10th Pass,1,,,0,Ganna kisan,1350,50,1400,0.07,0.05,0.07,1908891,1920679,2802956
SHOBHA KARANDLAJE,Karnataka,Bangalore North,BJP,FEMALE,57,GENERAL,Post Graduate,5,138866909,40600640,1,Lotus,982805,3244,986049,56.12,30.67,56.7,1738950,1756885,3215291
H.R.NATARAJ,Karnataka,Bangalore North,IND,MALE,56,GENERAL,Others,1,175579225,26700000,0,Cauliflower,857,4,861,0.05,0.03,0.05,1738950,1756885,3215291
SHIVAKUMAR. B,Karnataka,Bangalore North,KRS,MALE,48,GENERAL,12th Pass,1,,,0,Battery Torch,813,4,817,0.05,0.03,0.05,1738950,1756885,3215291
KRISHNAIAH,Karnataka,Bangalore North,RTSMJD,MALE,51,SC,10th Pass,1,2560000,15000,0,Whistle,556,3,559,0.03,0.02,0.03,1738950,1756885,3215291
PARASAPPA BHEEMAPPA GAJJERI,Karnataka,Bangalore North,RCMP,MALE,44,GENERAL,10th Pass,1,,,0,Ring,313,0,313,0.02,0.01,0.02,1738950,1756885,3215291
P C MOHAN,Karnataka,Bangalore central,BJP,MALE,60,GENERAL,12th Pass,2,813065207,158634664,1,Lotus,657236,1679,658915,49.98,27.07,50.52,1304384,1318346,2434254
MANSOOR ALI KHAN,Karnataka,Bangalore central,INC,MALE,51,GENERAL,Graduate Professional,1,,,0,Hand,625368,840,626208,47.5,25.72,48.01,1304384,1318346,2434254
C.M. SHABAZ KHAN,Karnataka,Bangalore central,YSEP,MALE,30,GENERAL,12th Pass,2,701500,0,0,Mike,428,1,429,0.03,0.02,0.03,1304384,1318346,2434254
TEJASVI SURYA,Karnataka,Bangalore South,BJP,MALE,33,GENERAL,Graduate Professional,3,41030489,0,1,Lotus,747780,3050,750830,60.06,32.06,60.48,1241485,1250052,2341895
SOWMYA REDDY,Karnataka,Bangalore South,INC,FEMALE,41,GENERAL,Graduate Professional,6,23003877,15095150,0,Hand,472754,993,473747,37.9,20.23,38.16,1241485,1250052,2341895
RAGHUPATHI BHAT,Karnataka,Bangalore South,KRS,MALE,43,GENERAL,Post Graduate,2,,,0,Battery Torch,737,1,738,0.06,0.03,0.06,1241485,1250052,2341895
KANTHAKUMAR.R.,Karnataka,Bangalore South,IND,MALE,32,GENERAL,Graduate Professional,4,714000,3500000,0,School bag,393,10,403,0.03,0.02,0.03,1241485,1250052,2341895
KARAVALI MANJUNATH. BE,Karnataka,Bangalore South,RTSMJD,MALE,40,ST,Graduate Professional,4,,,0,Ring,308,2,310,0.02,0.01,0.02,1241485,1250052,2341895
C M. SHABAZ KHAN,Karnataka,Bangalore South,YSEP,MALE,30,GENERAL,12th Pass,2,701500,0,0,Mike,295,2,297,0.02,0.01,0.02,1241485,1250052,2341895
DR.K.SUDHAKAR,Karnataka,Chikkballapur,BJP,MALE,50,GENERAL,Graduate Professional,1,334163156,203448949,1,Lotus,819588,3031,822619,53.73,41.51,53.97,1524224,1531043,1981767
M.S. RAKSHA RAMAIAH,Karnataka,Chikkballapur,INC,MALE,38,GENERAL,Post Graduate,1,,,0,Hand,657489,1670,659159,43.05,33.26,43.25,1524224,1531043,1981767
MUNIVENKATAPPA M.P,Karnataka,Chikkballapur,CPI(M),MALE,49,GENERAL,Graduate,1,1561500,0,0,"Hammer, Sickle and Star",4546,11,4557,0.3,0.23,0.3,1524224,1531043,1981767
SANDESH.G,Karnataka,Chikkballapur,IND,MALE,37,GENERAL,10th Pass,1,60950000,0,0,Mixee,588,6,594,0.04,0.03,0.04,1524224,1531043,1981767
M. MALLESH BABU,Karnataka,Kolar,JD(S),MALE,49,SC,Post Graduate,1,238631536,34492248,1,A lady farmer carrying paddy on her head,689185,2296,691481,50.96,40.01,51.24,1349397,1356814,1728198
K V GOWTHAM,Karnataka,Kolar,INC,MALE,51,SC,Graduate Professional,1,151169757,37468185,0,Hand,618700,1393,620093,45.7,35.88,45.95,1349397,1356814,1728198
SUMAN H N,Karnataka,Kolar,IND,MALE,25,SC,12th Pass,1,,,0,Tiller,6484,3,6487,0.48,0.38,0.48,1349397,1356814,1728198
MAHESH A V,Karnataka,Kolar,KRS,MALE,32,SC,Graduate,2,3673545,1000000,0,Battery Torch,1035,30,1065,0.08,0.06,0.08,1349397,1356814,1728198
RAJMOHAN UNNITHAN,Kerala,Kasaragod,INC,MALE,70,GENERAL,Graduate,6,32432135,678829,1,Hand,487637,3022,490659,43.92,33.71,44.39,1105434,1117221,1455530
ANEESH PAYYANNUR,Kerala,Kasaragod,IND,MALE,37,SC,10th Pass,3,1193520,113000,0,Auto- rickshaw,744,15,759,0.07,0.05,0.07,1105434,1117221,1455530
K. SUDHAKARAN,Kerala,Kannur,INC,MALE,75,GENERAL,Post Graduate,14,,,1,Hand,512266,6258,518524,48.63,38.04,49.15,1054982,1066171,1363080
M.V. JAYARAJAN,Kerala,Kannur,CPI(M),MALE,63,GENERAL,Graduate Professional,9,14448542,0,0,"Hammer, Sickle and Star",402614,6928,409542,38.41,30.05,38.82,1054982,1066171,1363080
C. RAGHUNATH,Kerala,Kannur,BJP,MALE,67,GENERAL,Post Graduate,2,,,0,Lotus,118352,1524,119876,11.24,8.79,11.36,1054982,1066171,1363080
SHAFI PARAMBIL,Kerala,Vadakara,INC,MALE,41,GENERAL,Post Graduate,47,,,1,Hand,552490,5038,557528,49.37,39.13,49.78,1120038,1129256,1424792
PRAPHUL KRISHNAN,Kerala,Vadakara,BJP,MALE,38,GENERAL,Post Graduate,6,,,0,Lotus,110701,1278,111979,9.92,7.86,10,1120038,1129256,1424792
RAHUL GANDHI,Kerala,Wayanad,INC,MALE,53,GENERAL,Post Graduate,18,,,1,Hand,642299,5146,647445,59.59,44.21,60.08,1077654,1086459,1464472
RAHUL GANDHI,Kerala,Wayanad,INC,MALE,53,GENERAL,Post Graduate,18,203961862,4979184,1,Hand,642299,5146,647445,59.59,44.21,60.08,1077654,1086459,1464472
ANNIE RAJA,Kerala,Wayanad,CPI,FEMALE,60,GENERAL,Graduate,1,16112844,0,0,Ears of corn and sickle,280594,2429,283023,26.05,19.33,26.26,1077654,1086459,1464472
K SURENDRAN,Kerala,Wayanad,BJP,MALE,54,GENERAL,Graduate,243,10085808,1053975,0,Lotus,139868,1177,141045,12.98,9.63,13.09,1077654,1086459,1464472
P.R KRISHNANKUTTY,Kerala,Wayanad,BSP,MALE,68,SC,5th Pass,1,,,0,Elephant,1946,27,1973,0.18,0.13,0.18,1077654,1086459,1464472
P RADHAKRISHNAN,Kerala,Wayanad,IND,MALE,42,GENERAL,Graduate Professional,1,,,0,Pot,555,7,562,0.05,0.04,0.05,1077654,1086459,1464472
P RADHAKRISHNAN,Kerala,Wayanad,IND,MALE,42,GENERAL,12th Pass,1,191300,0,0,Pot,555,7,562,0.05,0.04,0.05,1077654,1086459,1464472
M. K. RAGHAVAN,Kerala,Kozhikode,INC,MALE,71,GENERAL,Graduate,4,,,1,Hand,515608,4813,520421,47.62,36.33,48.02,1083734,1092977,1432508
ELAMARAM KAREEM,Kerala,Kozhikode,CPI(M),MALE,70,GENERAL,12th Pass,2,,,0,"Hammer, Sickle and Star",369884,4361,374245,34.24,26.13,34.53,1083734,1092977,1432508
E.T. MOHAMMED BASHEER,Kerala,Malappuram,IUML,MALE,77,GENERAL,10th Pass,1,,,1,Ladder,640269,3737,644006,59.22,43.49,59.72,1078416,1087395,1480714
V. VASEEF,Kerala,Malappuram,CPI(M),MALE,40,GENERAL,Post Graduate,9,,,0,"Hammer, Sickle and Star",341510,2378,343888,31.62,23.22,31.89,1078416,1087395,1480714
ABDULSALAM S/O MUHAMMED HAJI,Kerala,Malappuram,IND,MALE,65,GENERAL,8th Pass,1,10001900,2300000,0,Laptop,771,12,783,0.07,0.05,0.07,1078416,1087395,1480714
THRISSUR NAZEER,Kerala,Malappuram,IND,MALE,61,GENERAL,10th Pass,1,30000,0,0,Harmonium,459,25,484,0.04,0.03,0.04,1078416,1087395,1480714
DR. M.P ABDUSSAMAD SAMADANI,Kerala,Ponnani,IUML,MALE,65,GENERAL,Doctorate,1,21977344,0,1,Ladder,559570,2946,562516,54.79,38.23,55.16,1019735,1026616,1471260
K.S HAMZA,Kerala,Ponnani,CPI(M),MALE,56,GENERAL,Graduate,1,34800808,19358142,0,"Hammer, Sickle and Star",324562,2194,326756,31.83,22.21,32.04,1019735,1026616,1471260
ADV. NIVEDIDA,Kerala,Ponnani,BJP,FEMALE,53,GENERAL,Post Graduate,5,95633596,6369577,0,Lotus,123733,1065,124798,12.16,8.48,12.24,1019735,1026616,1471260
V K SREEKANDAN,Kerala,Palakkad,INC,MALE,54,GENERAL,Graduate,5,12421358,5462812,1,Hand,418072,3097,421169,40.54,30.06,41.01,1027043,1038946,1400914
A VIJAYARAGHAVAN,Kerala,Palakkad,CPI(M),MALE,67,GENERAL,Graduate Professional,1,11151017,0,0,"Hammer, Sickle and Star",342798,3088,345886,33.29,24.69,33.68,1027043,1038946,1400914
C KRISHNAKUMAR,Kerala,Palakkad,BJP,MALE,52,GENERAL,Graduate,30,,,0,Lotus,249568,2210,251778,24.23,17.97,24.51,1027043,1038946,1400914
N S K PURAM SASIKUMAR,Kerala,Palakkad,IND,MALE,46,GENERAL,8th Pass,1,,,0,Ganna kisan,1151,26,1177,0.11,0.08,0.11,1027043,1038946,1400914
RAMYA HARIDAS,Kerala,Alathur,INC,FEMALE,38,SC,10th Pass,9,,,0,Hand,379231,4105,383336,38.57,28.6,39.11,980235,993759,1340183
SURESH GOPI,Kerala,Thrissur,BJP,MALE,65,GENERAL,Post Graduate,4,185815323,12916425,1,Lotus,409302,3036,412338,37.74,27.79,38.01,1084804,1092574,1483783
ADV V S SUNILKUMAR,Kerala,Thrissur,CPI,MALE,56,GENERAL,Graduate Professional,2,6407442,2200000,0,Ears of corn and sickle,334462,3190,337652,30.9,22.76,31.13,1084804,1092574,1483783
K MURALEEDHARAN,Kerala,Thrissur,INC,MALE,67,GENERAL,Graduate,9,134095491,336000,0,Hand,324810,3314,328124,30.03,22.11,30.25,1084804,1092574,1483783
M S JAFARGHAN,Kerala,Thrissur,IND,MALE,37,GENERAL,12th Pass,4,2655000,0,0,Ganna kisan,689,9,698,0.06,0.05,0.06,1084804,1092574,1483783
BENNY BEHANAN,Kerala,Chalakudy,INC,MALE,71,GENERAL,Graduate,5,35020209,7893411,1,Hand,390216,3955,394171,41.34,30.06,41.79,943224,953520,1311257
BOSCO KALAMASSERY,Kerala,Chalakudy,IND,MALE,39,GENERAL,10th Pass,2,4499302,65000,0,Camera,1071,16,1087,0.11,0.08,0.12,943224,953520,1311257
HIBI EDEN,Kerala,Ernakulam,INC,MALE,40,GENERAL,Graduate,10,,,1,Hand,478989,3328,482317,52.94,36.41,53.43,902744,911035,1324757
DR. K. S. RADHAKRISHNAN,Kerala,Ernakulam,BJP,MALE,69,GENERAL,Doctorate,211,15499146,0,0,Lotus,143573,927,144500,15.86,10.91,16.01,902744,911035,1324757
ROHIT KRISHNAN,Kerala,Ernakulam,IND,MALE,30,GENERAL,Graduate,1,,,0,Laptop,408,8,416,0.05,0.03,0.05,902744,911035,1324757
BRAHMAKUMAR,Kerala,Ernakulam,SUCI,MALE,46,GENERAL,Graduate,1,,,0,Battery Torch,409,3,412,0.05,0.03,0.05,902744,911035,1324757
ADV. DEAN KURIAKOSE,Kerala,Idukki,INC,MALE,42,GENERAL,Post Graduate,88,,,1,Hand,427129,5243,432372,51.39,34.56,52.02,831138,841286,1251172
ADV. JOICE GEORGE,Kerala,Idukki,CPI(M),MALE,53,GENERAL,Post Graduate,8,21797607,0,0,"Hammer, Sickle and Star",295975,2670,298645,35.5,23.87,35.93,831138,841286,1251172
ADV. SANGEETHA VISWANATHAN,Kerala,Idukki,BDJS,FEMALE,47,GENERAL,Post Graduate,1,80267162,11574186,0,Pot,90663,660,91323,10.86,7.3,10.99,831138,841286,1251172
ADV K FRANCIS GEORGE,Kerala,Kottayam,KEC,MALE,68,GENERAL,Graduate Professional,5,95196318,1300000,1,Auto- rickshaw,358369,6262,364631,43.52,29.03,44.24,824290,837890,1256138
THOMAS CHAZHIKADAN,Kerala,Kottayam,KEC(M),MALE,71,GENERAL,Graduate,3,31650661,0,0,Two leaves,272418,4947,277365,33.1,22.08,33.65,824290,837890,1256138
SANTHOSH PULICKAL,Kerala,Kottayam,IND,MALE,37,GENERAL,10th Pass,1,185515,40000,0,Telephone,686,24,710,0.08,0.06,0.09,824290,837890,1256138
K. C VENUGOPAL,Kerala,Alappuzha,INC,MALE,61,GENERAL,Post Graduate,1,,,1,Hand,398246,6314,404560,37.85,28.76,38.48,1051338,1068949,1406689
A. M ARIFF,Kerala,Alappuzha,CPI(M),MALE,59,GENERAL,Graduate Professional,3,13216302,6095458,0,"Hammer, Sickle and Star",335596,5451,341047,31.9,24.24,32.44,1051338,1068949,1406689
ADV.K.M SHAJAHAN,Kerala,Alappuzha,IND,MALE,62,GENERAL,Post Graduate,5,,,0,Auto- rickshaw,627,55,682,0.06,0.05,0.06,1051338,1068949,1406689
KODIKUNNIL SURESH,Kerala,Mavelikkara,INC,MALE,60,SC,Graduate Professional,6,15312324,880986,1,Hand,362209,7307,369516,41.14,27.59,41.75,885088,898111,1339159
ADV ARUN KUMAR C A,Kerala,Mavelikkara,CPI,MALE,40,SC,Post Graduate,4,3749816,2149559,0,Ears of corn and sickle,352708,5940,358648,39.93,26.78,40.52,885088,898111,1339159
BAIJU KALASALA,Kerala,Mavelikkara,BDJS,MALE,52,SC,10th Pass,9,292138,0,0,Pot,140830,2154,142984,15.92,10.68,16.15,885088,898111,1339159
C MONICHEN,Kerala,Mavelikkara,IND,MALE,55,SC,10th Pass,1,3882936,785000,0,Apple,4893,81,4974,0.55,0.37,0.56,885088,898111,1339159
ANTO ANTONY,Kerala,Pathanamthitta,INC,MALE,67,GENERAL,Graduate,5,,,1,Hand,360957,6666,367623,39.89,25.64,40.35,911158,921565,1433956
DR.T.M.THOMAS ISSAC,Kerala,Pathanamthitta,CPI(M),MALE,71,GENERAL,Doctorate,6,,,0,"Hammer, Sickle and Star",297888,3616,301504,32.72,21.03,33.09,911158,921565,1433956
ANIL K.ANTONY,Kerala,Pathanamthitta,BJP,MALE,38,GENERAL,Post Graduate,1,10014578,0,0,Lotus,231172,3234,234406,25.44,16.35,25.73,911158,921565,1433956
ADV.HARIKUMAR M.K.,Kerala,Pathanamthitta,APoI,MALE,55,SC,Graduate Professional,1,6231,0,0,Coat,735,27,762,0.08,0.05,0.08,911158,921565,1433956
N K PREMACHANDRAN,Kerala,Kollam,RSP,MALE,63,GENERAL,Graduate Professional,5,31194899,3800000,1,Spade & stoker,437516,6112,443628,48.31,33.33,48.8,909145,918260,1330873
M MUKESH,Kerala,Kollam,CPI(M),MALE,67,GENERAL,Graduate,1,149808376,0,0,"Hammer, Sickle and Star",288861,4465,293326,31.94,22.04,32.26,909145,918260,1330873
KRISHNAKUMAR G,Kerala,Kollam,BJP,MALE,55,GENERAL,Graduate,1,,,0,Lotus,160956,2254,163210,17.77,12.26,17.95,909145,918260,1330873
BRO NOUSHAD SHERIFF J,Kerala,Kollam,IND,MALE,48,GENERAL,8th Pass,1,,,0,School bag,545,34,579,0.06,0.04,0.06,909145,918260,1330873
V MURALEEDHARAN,Kerala,Attingal,BJP,MALE,65,GENERAL,Graduate,5,11856416,1083437,0,Lotus,307710,4069,311779,31.59,22.25,31.96,975550,986917,1401114
SHASHI THAROOR,Kerala,Thiruvananthapuram,INC,MALE,68,GENERAL,Doctorate,12,560656126,0,1,Hand,353679,4476,358155,37.14,24.96,37.45,956230,964351,1434657
RAJEEV CHANDRASEKHAR,Kerala,Thiruvananthapuram,BJP,MALE,59,GENERAL,Doctorate,2,862973940,210536866,0,Lotus,337920,4158,342078,35.47,23.84,35.77,956230,964351,1434657
PANNIAN RAVINDRAN,Kerala,Thiruvananthapuram,CPI,MALE,78,GENERAL,5th Pass,2,1414729,0,0,Ears of corn and sickle,244433,3215,247648,25.68,17.26,25.9,956230,964351,1434657
ADV SHINE LAL M P,Kerala,Thiruvananthapuram,IND,MALE,35,GENERAL,Graduate Professional,3,,,0,Camera,1446,37,1483,0.15,0.1,0.16,956230,964351,1434657
SHAJU PALIYODU,Kerala,Thiruvananthapuram,IND,MALE,48,GENERAL,12th Pass,2,,,0,Coconut farm,348,40,388,0.04,0.03,0.04,956230,964351,1434657
RAMESH GARG,Madhya Pradesh,MORENA,BSP,MALE,65,GENERAL,10th Pass,5,,,0,Elephant,179492,177,179669,15.1,8.91,15.2,1182417,1189626,2015928
NEERAJ CHANDSORIYA,Madhya Pradesh,MORENA,ASPKR,MALE,34,SC,12th Pass,3,2059500,750000,0,Kettle,7534,10,7544,0.63,0.37,0.64,1182417,1189626,2015928
PHOOL SINGH BARAIYA,Madhya Pradesh,BHIND,INC,MALE,61,SC,Graduate Professional,2,,,0,Hand,470169,2056,472225,44.94,24.68,45.3,1042473,1050881,1913389
BHARAT PAL,Madhya Pradesh,GWALIOR,ASPKR,MALE,30,GENERAL,Post Graduate,7,13100000,2200000,0,Kettle,4138,25,4163,0.31,0.19,0.31,1339888,1345727,2160206
ER. MAHENDRA PRATAP SINGH PAL,Madhya Pradesh,GWALIOR,IND,MALE,53,GENERAL,Graduate,1,6942765,1898900,0,Mike,3777,6,3783,0.28,0.18,0.28,1339888,1345727,2160206
YASHDEV SHARMA,Madhya Pradesh,GWALIOR,IND,MALE,43,GENERAL,8th Pass,1,,,0,Toffees,2568,3,2571,0.19,0.12,0.19,1339888,1345727,2160206
YADVENDRA RAO DESHRAJ SINGH,Madhya Pradesh,GUNA,INC,MALE,39,GENERAL,Post Graduate,1,19118465,3830352,0,Hand,380909,1464,382373,27.83,20.22,28.02,1364677,1374205,1890695
HEMANT SINGH KUSHWAHA,Madhya Pradesh,GUNA,IND,MALE,58,GENERAL,12th Pass,1,,,0,Almirah,3450,3,3453,0.25,0.18,0.25,1364677,1374205,1890695
BHAIYA VIJAY PATEL (KURMI) TIRGARH BALE,Madhya Pradesh,DAMOH,BSCP,MALE,38,GENERAL,5th Pass,3,,,0,Flute,12200,17,12217,1.12,0.63,1.13,1081111,1089696,1926000
VISHNU DATT SHARMA (V.D.SHARMA),Madhya Pradesh,KHAJURAHO,BJP,MALE,54,GENERAL,Post Graduate,1,,,1,Lotus,771014,1760,772774,67.7,38.67,68.73,1124413,1141404,1998536
MOHAMMAD IMRAN,Madhya Pradesh,KHAJURAHO,RJBP,MALE,39,GENERAL,Graduate Professional,2,930000,0,0,Cauliflower,17853,20,17873,1.57,0.89,1.59,1124413,1141404,1998536
PENTER SUNMAN SINGH LODHI,Madhya Pradesh,KHAJURAHO,IND,MALE,37,GENERAL,10th Pass,4,,,0,Pan,10005,6,10011,0.88,0.5,0.89,1124413,1141404,1998536
GANESH SINGH,Madhya Pradesh,SATNA,BJP,MALE,61,GENERAL,Post Graduate,3,94681128,22864373,1,Lotus,458373,1355,459728,43.38,26.9,43.52,1056419,1059670,1708823
RANJAN GUPTA,Madhya Pradesh,REWA,RSTWDIBHRT,MALE,47,GENERAL,Post Graduate,1,,,0,Air conditioner,2151,9,2160,0.23,0.12,0.24,911193,920062,1859439
DR. RAJESH MISHRA,Madhya Pradesh,SIDHI,BJP,MALE,66,GENERAL,Post Graduate,1,,,1,Lotus,582664,895,583559,50.8,28.75,51.05,1143048,1148762,2030095
KAMLESHWAR INDRAJIT KUMAR,Madhya Pradesh,SIDHI,INC,MALE,49,GENERAL,Graduate Professional,3,390256920,104695579,0,Hand,376336,807,377143,32.83,18.58,32.99,1143048,1148762,2030095
SUNIL TIWARI,Madhya Pradesh,SIDHI,IND,MALE,38,GENERAL,5th Pass,1,14048517,0,0,Auto- rickshaw,5694,5,5699,0.5,0.28,0.5,1143048,1148762,2030095
PHUNDE LAL SINGH MARKO,Madhya Pradesh,SHAHDOL,INC,MALE,57,ST,Post Graduate,1,26819032,9619670,0,Hand,312833,970,313803,27.22,17.65,27.71,1132652,1152862,1778158
ADVOCATE UDAY KUMAR SAHU,Madhya Pradesh,JABALPUR,GGP,MALE,53,GENERAL,Graduate Professional,1,,,0,Saw,4832,16,4848,0.42,0.26,0.42,1153559,1159005,1898180
SWATANATRA SAMAJ SEVI VINAY CHAKRAVARTI,Madhya Pradesh,JABALPUR,IND,MALE,28,GENERAL,Graduate,3,,,0,Hockey and ball,2488,3,2491,0.21,0.13,0.22,1153559,1159005,1898180
ASHOK RANA,Madhya Pradesh,JABALPUR,RaNP,MALE,67,GENERAL,Graduate,1,30965000,0,0,Pot,1226,2,1228,0.11,0.06,0.11,1153559,1159005,1898180
SANTOSH KUMAR KUSHWAHA,Madhya Pradesh,JABALPUR,IND,MALE,54,GENERAL,12th Pass,1,20000,0,0,Ice cream,1202,2,1204,0.1,0.06,0.1,1153559,1159005,1898180
MAHESH KUMAR WATTEE,Madhya Pradesh,MANDLA,GGP,MALE,55,ST,Post Graduate,2,8204500,2700000,0,Saw,37686,111,37797,2.46,1.8,2.49,1516711,1536106,2103244
SAMRAT ASHOK SINGH SARASWAR,Madhya Pradesh,BALAGHAT,INC,MALE,49,GENERAL,10th Pass,1,194967076,15740035,0,Hand,536333,1815,538148,38.92,28.69,39.26,1370770,1382786,1875760
KANKAR MUNJARE,Madhya Pradesh,BALAGHAT,BSP,MALE,72,GENERAL,Others,5,,,0,Elephant,52883,251,53134,3.84,2.83,3.88,1370770,1382786,1875760
DHANENDRA DEV PAWAR BANWARI SETH,Madhya Pradesh,BALAGHAT,IND,MALE,33,GENERAL,Graduate,1,,,0,Apple,7185,60,7245,0.52,0.39,0.53,1370770,1382786,1875760
RAJKUMAR NAGESHWER,Madhya Pradesh,BALAGHAT,IND,MALE,49,GENERAL,Graduate,1,,,0,Cot,6723,5,6728,0.49,0.36,0.49,1370770,1382786,1875760
BUNTY VIVEK SAHU,Madhya Pradesh,CHHINDWARA,BJP,MALE,45,GENERAL,Graduate,1,367731210,12241255,1,Lotus,643489,1249,644738,49.35,39.44,49.79,1294924,1306561,1634721
PAWANSHAH SARYAM,Madhya Pradesh,CHHINDWARA,IND,MALE,25,ST,12th Pass,2,440000,0,0,Air conditioner,6612,9,6621,0.51,0.41,0.51,1294924,1306561,1634721
KUSHWAHA RAJESH TANTRIK,Madhya Pradesh,CHHINDWARA,ANSP,MALE,53,GENERAL,12th Pass,1,36442000,0,0,Battery Torch,1695,3,1698,0.13,0.1,0.13,1294924,1306561,1634721
SANJAY SHARMA SANJU BHAIYA,Madhya Pradesh,HOSHANGABAD,INC,MALE,54,GENERAL,12th Pass,1,2327279636,989179205,0,Hand,379868,583,380451,30.44,20.47,30.81,1234751,1249972,1858158
SHIVRAJ SINGH CHOUHAN,Madhya Pradesh,VIDISHA,BJP,MALE,65,GENERAL,Post Graduate,1,89852874,6411905,1,Lotus,1111556,4904,1116460,76.66,57.35,77.19,1446378,1456313,1946631
SATYENDRA SINGH SISODIYA,Madhya Pradesh,VIDISHA,IND,MALE,41,GENERAL,12th Pass,1,,,0,Mike,2921,4,2925,0.2,0.15,0.2,1446378,1456313,1946631
ALOK SHARMA,Madhya Pradesh,BHOPAL,BJP,MALE,56,GENERAL,Graduate,4,,,1,Lotus,978285,2824,981109,65.41,41.94,65.77,1491664,1499928,2339411
ADVOCATE ARUN SHRIVASTAVA,Madhya Pradesh,BHOPAL,INC,MALE,63,GENERAL,Post Graduate,1,163297207,2252231,0,Hand,478698,912,479610,31.98,20.5,32.15,1491664,1499928,2339411
BABULAL SEN,Madhya Pradesh,BHOPAL,MADP,MALE,59,GENERAL,12th Pass,2,5506121,81000,0,Auto- rickshaw,718,2,720,0.05,0.03,0.05,1491664,1499928,2339411
RAMPRASAD PATEL,Madhya Pradesh,BHOPAL,KRJAP,MALE,41,GENERAL,Literate,2,,,0,Saw,572,3,575,0.04,0.02,0.04,1491664,1499928,2339411
DIGVIJAYA SINGH,Madhya Pradesh,RAJGARH,INC,MALE,77,GENERAL,Graduate Professional,17,502412166,63290421,0,Hand,610602,2052,612654,42.8,32.65,43.09,1421737,1431588,1876672
ASHOK PAWAR,Madhya Pradesh,RAJGARH,SamSP,MALE,63,SC,12th Pass,1,,,0,Electric pole,6597,17,6614,0.46,0.35,0.47,1421737,1431588,1876672
MAHENDRA SINGH SOLANKY,Madhya Pradesh,DEWAS,BJP,MALE,40,SC,Graduate Professional,2,3817399,2711920,1,Lotus,925917,3024,928941,63.2,47.8,63.68,1458715,1469943,1943559
MAHESH PARMAR,Madhya Pradesh,UJJAIN,INC,MALE,44,SC,Post Graduate,8,27722030,7479423,0,Hand,459531,713,460244,34.63,25.56,34.89,1319248,1329211,1800347
MAHESH PARMAR,Madhya Pradesh,UJJAIN,IND,MALE,46,SC,Post Graduate,8,27722030,7479423,0,Mike,2468,8,2476,0.19,0.14,0.19,1319248,1329211,1800347
SUDHEER GUPTA,Madhya Pradesh,MANDSOUR,BJP,MALE,64,GENERAL,Post Graduate,1,192884642,58453495,1,Lotus,942249,3512,945761,65.91,49.76,66.52,1421830,1434874,1900808
DILIP SINGH GURJAR,Madhya Pradesh,MANDSOUR,INC,MALE,62,GENERAL,Graduate,1,48763003,19159822,0,Hand,443622,1484,445106,31.02,23.42,31.31,1421830,1434874,1900808
KANTILAL BHURIA,Madhya Pradesh,RATLAM,INC,MALE,73,ST,Post Graduate,1,87849072,1094000,0,Hand,586904,1727,588631,38.37,28.1,39.22,1500908,1534198,2095109
SUMITRA MEDA,Madhya Pradesh,RATLAM,IND,FEMALE,39,ST,Graduate,2,630000,0,0,Coconut farm,6927,3,6930,0.45,0.33,0.46,1500908,1534198,2095109
RADHESHYAM MUVEL,Madhya Pradesh,DHAR,INC,MALE,47,ST,Post Graduate,3,32033237,3265141,0,Hand,574756,1028,575784,40.39,29.45,40.85,1409393,1425647,1955117
PORLAL BATHA KHARTE,Madhya Pradesh,KHARGONE,INC,MALE,44,ST,Graduate,3,12803186,3097666,0,Hand,683651,1194,684845,43.93,33.47,44.46,1540521,1559003,2046409
GYANESHWAR PATIL,Madhya Pradesh,KHANDWA,BJP,MALE,55,GENERAL,12th Pass,1,72237099,5446068,1,Lotus,861188,1491,862679,56.94,40.83,57.52,1499703,1514990,2112874
NARENDRA PATEL,Madhya Pradesh,KHANDWA,INC,MALE,62,GENERAL,10th Pass,1,33681610,713236,0,Hand,591540,1168,592708,39.12,28.05,39.52,1499703,1514990,2112874
LAXMI NARAYAN KATARE,Madhya Pradesh,KHANDWA,IND,MALE,54,SC,10th Pass,2,3642500,1600000,0,Auto- rickshaw,4902,3,4905,0.32,0.23,0.33,1499703,1514990,2112874
PRAKASH RATHOR BANJARA,Madhya Pradesh,KHANDWA,AJPI,MALE,39,GENERAL,5th Pass,3,14025800,9300000,0,Kettle,2368,2,2370,0.16,0.11,0.16,1499703,1514990,2112874
SUSHILKUMAR JAHANGIR PAWARA,Maharashtra,Nandurbar,IND,MALE,40,ST,Others,1,774000,3000000,0,Nagrik,8878,9,8887,0.64,0.45,0.64,1379546,1394993,1971324
ROHIDAS GEMAJI VALVI,Maharashtra,Nandurbar,IND,MALE,58,ST,Graduate,1,5812988,411238,0,Battery Torch,4941,6,4947,0.35,0.25,0.36,1379546,1394993,1971324
HEMANT MANSARAM KOLI,Maharashtra,Nandurbar,VBA,MALE,38,ST,Graduate,1,935656,0,0,Pressure cooker,4062,19,4081,0.29,0.21,0.3,1379546,1394993,1971324
BACHHAV SHOBHA DINESH,Maharashtra,Dhule,INC,FEMALE,64,GENERAL,Others,2,,,1,Hand,582492,1374,583866,47.78,28.83,48.07,1214602,1221941,2025275
BHAMRE SUBHASH RAMRAO,Maharashtra,Dhule,BJP,MALE,71,GENERAL,Post Graduate,1,187591548,0,0,Lotus,577778,2257,580035,47.47,28.64,47.76,1214602,1221941,2025275
BHARAT BABURAO JADHAV,Maharashtra,Dhule,IND,MALE,42,ST,8th Pass,3,759295,0,0,Battery Torch,19695,18,19713,1.61,0.97,1.62,1214602,1221941,2025275
SANJAY RAMESHWAR SHARMA,Maharashtra,Dhule,IND,MALE,54,GENERAL,8th Pass,5,18156052,2546328,0,Balloon,3741,5,3746,0.31,0.18,0.31,1214602,1221941,2025275
SHAFEEQUE AHEMAD MD. RAFEEQUE,Maharashtra,Dhule,IND,MALE,44,GENERAL,Graduate,1,5152832,200000,0,Diamond,3706,1,3707,0.3,0.18,0.31,1214602,1221941,2025275
MOHAMMAD ISMAIL JUMMAN,Maharashtra,Dhule,IND,MALE,64,GENERAL,5th Pass,1,,,0,Almirah,1084,1,1085,0.09,0.05,0.09,1214602,1221941,2025275
MOHAMMAD AAMEEN MOHAMMAD FARUQUE,Maharashtra,Dhule,IND,MALE,45,GENERAL,10th Pass,3,9845010,0,0,Batsman,833,2,835,0.07,0.04,0.07,1214602,1221941,2025275
YUVRAJ JADHAV (SAMBHA AAPPA),Maharashtra,Jalgaon,VBA,MALE,43,GENERAL,10th Pass,1,700649,0,0,Gas cylinder,21062,115,21177,1.81,1.06,1.83,1155634,1170653,2000402
LALIT (BANTI) SHARMA,Maharashtra,Jalgaon,IND,MALE,39,GENERAL,10th Pass,1,3057563,0,0,Bat,4189,3,4192,0.36,0.21,0.36,1155634,1170653,2000402
ADV. NAMDEO PANDURANG KOLI,Maharashtra,Jalgaon,IND,MALE,52,GENERAL,Graduate Professional,3,391216,1500000,0,Auto- rickshaw,1212,12,1224,0.1,0.06,0.11,1155634,1170653,2000402
SAGAR PRABHAKAR PATIL,Maharashtra,Raver,IND,MALE,39,GENERAL,Graduate,1,,,0,Baby walker,2932,3,2935,0.25,0.16,0.25,1167566,1173733,1823827
KOMALBAI BAPURAO PATIL,Maharashtra,Raver,IND,FEMALE,42,GENERAL,10th Pass,1,3605971,0,0,Truck,1424,5,1429,0.12,0.08,0.12,1167566,1173733,1823827
DR. YOGENDRA VITTHAL KOLTE,Maharashtra,Raver,IND,MALE,46,GENERAL,Post Graduate,1,150000,0,0,Almirah,900,2,902,0.08,0.05,0.08,1167566,1173733,1823827
JADHAV PRATAPRAO GANPATRAO,Maharashtra,Buldhana,SHS,MALE,63,GENERAL,12th Pass,2,164260448,1467110,1,Bow and arrow,348289,1578,349867,31.51,19.58,31.64,1105710,1110224,1787095
NARENDRA DAGDU KHEDEKAR,Maharashtra,Buldhana,SHSUBT,MALE,58,GENERAL,Graduate Professional,1,44740087,0,0,Flaming torch,319415,973,320388,28.86,17.93,28.98,1105710,1110224,1787095
RAVIKANT CHANDRADAS TUPKAR,Maharashtra,Buldhana,IND,MALE,38,GENERAL,Graduate,11,,,0,Spanner,249042,921,249963,22.51,13.99,22.61,1105710,1110224,1787095
SANDEEP RAMRAO SHELKE,Maharashtra,Buldhana,IND,MALE,43,GENERAL,Graduate,1,,,0,Camera,12993,57,13050,1.18,0.73,1.18,1105710,1110224,1787095
VIKAS BHAI NANDAVE,Maharashtra,Buldhana,BHMS,MALE,31,SC,12th Pass,3,,,0,Bat,2322,9,2331,0.21,0.13,0.21,1105710,1110224,1787095
ANUP SANJAY DHOTRE,Maharashtra,Akola,BJP,MALE,39,GENERAL,Graduate,1,109259962,37201641,1,Lotus,454972,2058,457030,38.94,24.12,39.15,1167289,1173782,1894657
ABHAY KASHINATH PATIL,Maharashtra,Akola,INC,MALE,59,GENERAL,Graduate Professional,1,614025454,90950596,0,Hand,414557,1847,416404,35.48,21.98,35.67,1167289,1173782,1894657
AMBEDKAR PRAKASH YASHWANT,Maharashtra,Akola,VBA,MALE,69,GENERAL,Graduate Professional,6,65671169,0,0,Pressure cooker,275490,1257,276747,23.58,14.61,23.71,1167289,1173782,1894657
BALWANT BASWANT WANKHADE,Maharashtra,Amravati,INC,MALE,56,SC,12th Pass,1,17358730,3107392,1,Hand,524136,2135,526271,44.8,28.62,44.94,1171035,1174779,1838767
NAVNEET RAVI RANA,Maharashtra,Amravati,BJP,FEMALE,38,SC,10th Pass,4,175553400,102995389,0,Lotus,504806,1734,506540,43.12,27.55,43.26,1171035,1174779,1838767
DINESH GANESHDAS BUB,Maharashtra,Amravati,PHJSP,MALE,52,SC,12th Pass,4,57162498,0,0,Whistle,84985,315,85300,7.26,4.64,7.28,1171035,1174779,1838767
ANANDRAJ YASHWANT AMBEDKAR,Maharashtra,Amravati,rpsn,MALE,63,SC,Post Graduate,3,59945326,0,0,Gas cylinder,18713,80,18793,1.6,1.02,1.6,1171035,1174779,1838767
ANIL THAWARE ALIAS DR. ANILKUMAR NAGBUDDHA,Maharashtra,Amravati,IND,MALE,56,SC,Others,2,4590000,525000,0,Pen nib with seven rays,1206,0,1206,0.1,0.07,0.1,1171035,1174779,1838767
SURESH PUNDLIK MESHRAM,Maharashtra,Amravati,IND,MALE,34,SC,10th Pass,1,32000,0,0,Iron,1051,1,1052,0.09,0.06,0.09,1171035,1174779,1838767
ADV. RAJU MADHUKARRAO KALANE,Maharashtra,Amravati,BUJNBHRTP,MALE,31,SC,Graduate Professional,2,,,0,Ship,495,0,495,0.04,0.03,0.04,1171035,1174779,1838767
GHAZI SAADUDDIN ZAHEER AHMED,Maharashtra,Amravati,RUC,MALE,49,SC,12th Pass,1,,,0,Auto- rickshaw,325,6,331,0.03,0.02,0.03,1171035,1174779,1838767
BHAURAO SAMPATRAO WANKHADE,Maharashtra,Amravati,AIFB,MALE,69,SC,5th Pass,1,,,0,Lion,328,1,329,0.03,0.02,0.03,1171035,1174779,1838767
RAJESH TULSHIRAM KHADE,Maharashtra,Amravati,IND,MALE,49,SC,Graduate,1,,,0,Apple,239,0,239,0.02,0.01,0.02,1171035,1174779,1838767
RAMDAS CHANDRABHAN TADAS,Maharashtra,Wardha,BJP,MALE,71,GENERAL,10th Pass,4,110081855,10389366,0,Lotus,449599,1859,451458,41.17,26.8,41.4,1090378,1096649,1684292
ASIF,Maharashtra,Wardha,IND,MALE,31,GENERAL,5th Pass,1,142000,0,0,Boat with man and sail,15176,6,15182,1.38,0.9,1.39,1090378,1096649,1684292
POOJA PANKAJ TADAS,Maharashtra,Wardha,IND,FEMALE,32,GENERAL,Graduate Professional,3,,,0,Cot,2121,14,2135,0.19,0.13,0.2,1090378,1096649,1684292
RAJU DEONATH PARVE,Maharashtra,Ramtek,SHS,MALE,54,SC,12th Pass,1,67136646,4942283,0,Bow and arrow,535234,1023,536257,42.8,26.15,43.08,1244685,1252883,2050952
SANDIP SAHADEO MESHRAM,Maharashtra,Ramtek,BSP,MALE,41,SC,12th Pass,1,,,0,Elephant,26003,95,26098,2.08,1.27,2.1,1244685,1252883,2050952
VILAS GANESH ZODAPE,Maharashtra,Ramtek,IND,MALE,40,SC,Graduate,1,,,0,Batsman,402,5,407,0.03,0.02,0.03,1244685,1252883,2050952
NITIN JAIRAM GADKARI,Maharashtra,Nagpur,BJP,MALE,67,GENERAL,Doctorate,10,,,1,Lotus,652809,2218,655027,54.04,29.45,54.32,1205847,1212085,2224282
VIKAS THAKRE,Maharashtra,Nagpur,INC,MALE,57,GENERAL,Graduate,4,100756481,29258069,0,Hand,515941,1483,517424,42.69,23.26,42.91,1205847,1212085,2224282
FAHIM SHAMIM KHAN,Maharashtra,Nagpur,MNDP,MALE,38,GENERAL,10th Pass,3,75000,0,0,Crane,1072,1,1073,0.09,0.05,0.09,1205847,1212085,2224282
SACHIN RAMKRUSHNARAO WAGHADE,Maharashtra,Nagpur,IND,MALE,30,GENERAL,Post Graduate,1,,,0,Road roller,202,0,202,0.02,0.01,0.02,1205847,1212085,2224282
SUNIL BABURAO MENDHE,Maharashtra,Bhandara Gondiya,BJP,MALE,55,GENERAL,Others,1,,,0,Lotus,546222,3811,550033,44.44,30.05,44.91,1224805,1237812,1830399
KUMBHALKAR SANJAY BHAIYY,Maharashtra,Bhandara Gondiya,BSP,MALE,52,GENERAL,12th Pass,4,53565000,0,0,Elephant,25104,358,25462,2.06,1.39,2.08,1224805,1237812,1830399
HITESH PANDURANG MADAVI,Maharashtra,Gadchiroli - Chimur,VBA,MALE,41,ST,Post Graduate,1,4560000,1156303,0,Gas cylinder,15824,98,15922,1.36,0.98,1.38,1149783,1167912,1618690
MUNGANTIWAR SUDHIR SACCHIDANAND,Maharashtra,Chandrapur,BJP,MALE,61,GENERAL,Post Graduate,2,,,0,Lotus,456943,1061,458004,36.78,24.89,37.22,1230461,1245125,1839760
BELE RAJESH WARLUJI,Maharashtra,Chandrapur,VBA,MALE,42,GENERAL,10th Pass,1,,,0,Road roller,21934,46,21980,1.77,1.19,1.79,1230461,1245125,1839760
SANJAY NILKANTH GAWANDE,Maharashtra,Chandrapur,IND,MALE,60,SC,12th Pass,1,580000,0,0,Tyres,5087,1,5088,0.41,0.28,0.41,1230461,1245125,1839760
DIWAKAR HARIJI URADE,Maharashtra,Chandrapur,IND,MALE,55,SC,Doctorate,1,7329897,4600000,0,Coat,3221,3,3224,0.26,0.18,0.26,1230461,1245125,1839760
AMOL KOMAWAR,Maharashtra,Yavatmal- Washim,HS,MALE,46,GENERAL,10th Pass,1,,,0,Hour glass,3364,13,3377,0.28,0.17,0.28,1216139,1225601,1942461
DR ARJUNKUMAR SITARAM RATHOD,Maharashtra,Yavatmal- Washim,IND,MALE,47,GENERAL,Doctorate,2,26208000,50000,0,Gramophone,1857,6,1863,0.15,0.1,0.15,1216139,1225601,1942461
BABURAO KADAM KOHALIKAR,Maharashtra,Hingoli,SHS,MALE,55,GENERAL,Graduate,2,20725394,649017,0,Bow and arrow,382599,1334,383933,33.1,21.11,33.21,1156175,1159744,1819082
VIJAY RAMJI GABHANE,Maharashtra,Hingoli,CPI(M),MALE,60,GENERAL,Graduate,1,18930000,1800000,0,"Hammer, Sickle and Star",14617,27,14644,1.26,0.81,1.27,1156175,1159744,1819082
DEVSARKAR VARSHA SHIVAJIRAO,Maharashtra,Hingoli,BMUP,FEMALE,47,GENERAL,10th Pass,1,26790000,0,0,Cot,4081,18,4099,0.35,0.23,0.35,1156175,1159744,1819082
ADV RAVI SHINDE,Maharashtra,Hingoli,IND,MALE,44,GENERAL,Graduate Professional,2,5488869,0,0,Television,2687,14,2701,0.23,0.15,0.23,1156175,1159744,1819082
MAHESH KAILAS NAPTE,Maharashtra,Hingoli,IND,MALE,27,GENERAL,Graduate Professional,1,,,0,Truck,2298,1,2299,0.2,0.13,0.2,1156175,1159744,1819082
BHAWAR GOVINDRAO FULAJI,Maharashtra,Hingoli,IND,MALE,53,GENERAL,Graduate,1,17467000,3000000,0,Cauliflower,2138,8,2146,0.19,0.12,0.19,1156175,1159744,1819082
VIJAY DNYANBA RAUT,Maharashtra,Hingoli,IND,MALE,40,GENERAL,Post Graduate,6,5301409,0,0,Plate containing food,1115,11,1126,0.1,0.06,0.1,1156175,1159744,1819082
SUNIL DASHARATH INGOLE,Maharashtra,Hingoli,BHMS,MALE,43,SC,8th Pass,1,50000,0,0,Auto- rickshaw,1023,4,1027,0.09,0.06,0.09,1156175,1159744,1819082
RATHOD SURESH GOPINATH,Maharashtra,Nanded,IND,MALE,40,GENERAL,12th Pass,1,,,0,Road roller,806,2,808,0.07,0.04,0.07,1124626,1133958,1853532
JADHAV SANJAY ( BANDU ) HARIBHAU,Maharashtra,Parbhani,SHSUBT,MALE,57,GENERAL,10th Pass,6,,,1,Flaming torch,596871,4472,601343,45.17,28.31,45.29,1327791,1331334,2124497
JANKAR MAHADEV JAGANNATH,Maharashtra,Parbhani,RSPS,MALE,55,GENERAL,12th Pass,1,48810358,0,0,Whistle,463764,3518,467282,35.1,21.99,35.19,1327791,1331334,2124497
ALAMGIR MOHAMMAD KHAN,Maharashtra,Parbhani,BSP,MALE,43,GENERAL,Graduate,1,,,0,Elephant,10972,90,11062,0.83,0.52,0.83,1327791,1331334,2124497
SAMIR GANESHRAO DUDHGAONKAR,Maharashtra,Parbhani,IND,MALE,47,GENERAL,Post Graduate,1,23962903,3754156,0,Pressure cooker,10951,105,11056,0.83,0.52,0.83,1327791,1331334,2124497
PROF. DR. VILAS BANSIDHAR TANGADE,Maharashtra,Parbhani,IND,MALE,49,GENERAL,Doctorate,7,8900000,15000000,0,Chimney,8814,6,8820,0.66,0.42,0.66,1327791,1331334,2124497
COMRADE RAJAN KSHIRSAGAR,Maharashtra,Parbhani,CPI,MALE,56,GENERAL,Graduate,11,11535406,200000,0,Ears of corn and sickle,6627,22,6649,0.5,0.31,0.5,1327791,1331334,2124497
KISHORE RADHAKISHAN DHAGE,Maharashtra,Parbhani,IND,MALE,41,GENERAL,Graduate,6,1151751,0,0,Bat,5446,34,5480,0.41,0.26,0.41,1327791,1331334,2124497
APPASAHEB OMKAR KADAM,Maharashtra,Parbhani,IND,MALE,59,GENERAL,Others,1,27270000,5300000,0,Bucket,3883,8,3891,0.29,0.18,0.29,1327791,1331334,2124497
COMRADE GANPAT BHISE,Maharashtra,Parbhani,IND,MALE,51,SC,Graduate,6,729400,0,0,Shoe,3589,15,3604,0.27,0.17,0.27,1327791,1331334,2124497
GOVIND BHAIYYA RAMRAO DESHMUKH,Maharashtra,Parbhani,IND,MALE,41,GENERAL,8th Pass,1,9427435,2700000,0,Batsman,3452,7,3459,0.26,0.16,0.26,1327791,1331334,2124497
SUBHASH DATTARAV JAVLE,Maharashtra,Parbhani,IND,MALE,67,GENERAL,Graduate,2,,,0,Truck,3429,5,3434,0.26,0.16,0.26,1327791,1331334,2124497
SHAIKH SALEEM SHAIKH IBRAHIM,Maharashtra,Parbhani,AIMEIEM,MALE,46,GENERAL,8th Pass,1,50000,0,0,Ship,2617,2,2619,0.2,0.12,0.2,1327791,1331334,2124497
ADV. VINOD CHHAGANRAO AMBHORE,Maharashtra,Parbhani,BMUP,MALE,38,SC,Graduate Professional,1,,,0,Cot,2017,24,2041,0.15,0.1,0.15,1327791,1331334,2124497
VIJAY ANNASAHEB THOMBARE,Maharashtra,Parbhani,IND,MALE,41,GENERAL,5th Pass,4,7395000,2085000,0,Air conditioner,1957,2,1959,0.15,0.09,0.15,1327791,1331334,2124497
KALYAN VAIJINATHRAO KALE,Maharashtra,Jalna,INC,MALE,61,GENERAL,Others,2,1329206684,159268881,1,Hand,605504,2393,607897,44.45,30.86,44.7,1359872,1367572,1969953
DANVE RAOSAHEB DADARAO,Maharashtra,Jalna,BJP,MALE,69,GENERAL,Graduate,1,,,0,Lotus,495809,2130,497939,36.41,25.28,36.62,1359872,1367572,1969953
MANGESH SANJAY SABLE,Maharashtra,Jalna,IND,MALE,26,GENERAL,Graduate,6,2377000,1090000,0,Spanner,155335,595,155930,11.4,7.92,11.47,1359872,1367572,1969953
BAKALE PRABHAKAR DEVGAN,Maharashtra,Jalna,VBA,MALE,51,GENERAL,10th Pass,1,2744744,12500,0,Gas cylinder,37678,132,37810,2.76,1.92,2.78,1359872,1367572,1969953
CHABUKSWAR RAHUL NIRANJAN,Maharashtra,Jalna,IND,MALE,37,SC,Post Graduate,1,134000,50000,0,Nagrik,6330,7,6337,0.46,0.32,0.47,1359872,1367572,1969953
DIPAK BHIMRAO BORHADE,Maharashtra,Jalna,SMNKJP,MALE,40,GENERAL,12th Pass,3,49983127,3666017,0,Road roller,5498,24,5522,0.4,0.28,0.41,1359872,1367572,1969953
MUKESH PRABHAT RATHOD,Maharashtra,Jalna,AKBRPRVP,MALE,30,GENERAL,Others,2,257100,0,0,Ship,2580,11,2591,0.19,0.13,0.19,1359872,1367572,1969953
DNYANESHWAR DAGDUJI NADE,Maharashtra,Jalna,IND,MALE,57,SC,8th Pass,1,281784,0,0,Sewing machine,1142,1,1143,0.08,0.06,0.08,1359872,1367572,1969953
VIKAS CHHAGAN LAHANE,Maharashtra,Jalna,IND,MALE,42,SC,Graduate,1,1854000,1250000,0,Air conditioner,644,0,644,0.05,0.03,0.05,1359872,1367572,1969953
BHUMARE SANDIPANRAO ASARAM,Maharashtra,Aurangabad,SHS,MALE,62,GENERAL,10th Pass,4,,,1,Bow and arrow,474434,1696,476130,36.55,23.1,36.73,1296424,1302783,2061220
IMTIAZ JALEEL SYED,Maharashtra,Aurangabad,AIMIM,MALE,55,GENERAL,Post Graduate,5,43094122,2474000,0,Kite,340877,603,341480,26.21,16.57,26.34,1296424,1302783,2061220
CHANDRAKANT KHAIRE,Maharashtra,Aurangabad,SHSUBT,MALE,72,GENERAL,12th Pass,5,115574289,47397808,0,Flaming torch,291870,1580,293450,22.52,14.24,22.64,1296424,1302783,2061220
AFSAR KHAN YASEEN KHA,Maharashtra,Aurangabad,VBA,MALE,54,GENERAL,12th Pass,2,64255589,0,0,Gas cylinder,69087,179,69266,5.32,3.36,5.34,1296424,1302783,2061220
HARSHWARDHAN DADA RAIBHANJI JADHAV,Maharashtra,Aurangabad,IND,MALE,46,GENERAL,Graduate,8,27595329,1183691,0,Television,39654,174,39828,3.06,1.93,3.07,1296424,1302783,2061220
DR JIVAN BHAWLAL RAJPUT,Maharashtra,Aurangabad,IND,MALE,42,GENERAL,Post Graduate,1,,,0,T.V. Remote,3788,19,3807,0.29,0.18,0.29,1296424,1302783,2061220
MANISHA KHARAT,Maharashtra,Aurangabad,BAHUMP,FEMALE,41,SC,Graduate,2,1975000,1500000,0,Petrol pump,3097,8,3105,0.24,0.15,0.24,1296424,1302783,2061220
JAGANNATH KHANDERAO JADHAV J K JADHAV,Maharashtra,Aurangabad,IND,MALE,74,GENERAL,Doctorate,6,,,0,Room cooler,2916,16,2932,0.23,0.14,0.23,1296424,1302783,2061220
GALPHADE ARJUN BHAGWANRAO,Maharashtra,Aurangabad,RKBP,MALE,56,SC,Graduate,1,10400000,2900000,0,Ring,2185,7,2192,0.17,0.11,0.17,1296424,1302783,2061220
ARVIND KISANRAO KAMBLE,Maharashtra,Aurangabad,BARESP,MALE,31,SC,12th Pass,3,570000,125000,0,Nagrik,1975,4,1979,0.15,0.1,0.15,1296424,1302783,2061220
SURESH ASARAM FULARE,Maharashtra,Aurangabad,IND,MALE,44,GENERAL,12th Pass,2,11626816,2050000,0,Flute,910,1,911,0.07,0.04,0.07,1296424,1302783,2061220
DR. BHARATI PRAVIN PAWAR,Maharashtra,Dindori,BJP,FEMALE,45,ST,Graduate Professional,1,228598164,275000,0,Lotus,462333,1807,464140,37.37,24.98,37.65,1232664,1241985,1857924
KARAN PANDHARINATH GAIKAR,Maharashtra,Nashik,VBA,MALE,36,GENERAL,12th Pass,3,18097033,1286000,0,Gas cylinder,47114,79,47193,3.81,2.32,3.83,1231019,1237613,2033175
SHANTIGIRIJI MAUNGIRIJI MAHARAJ,Maharashtra,Nashik,IND,MALE,64,GENERAL,10th Pass,1,388844285,75000,0,Bucket,44415,109,44524,3.6,2.19,3.62,1231019,1237613,2033175
ARUN MADHUKAR KALE,Maharashtra,Nashik,BSP,MALE,50,SC,12th Pass,4,3954020,970000,0,Elephant,7698,53,7751,0.63,0.38,0.63,1231019,1237613,2033175
DARSHANA AMOL MEDHE,Maharashtra,Nashik,PRCP,FEMALE,38,SC,10th Pass,1,4671150,0,0,Ganna kisan,4730,6,4736,0.38,0.23,0.38,1231019,1237613,2033175
SUDHIR SHRIDHAR DESHMUKH,Maharashtra,Nashik,IND,MALE,63,GENERAL,Post Graduate,1,17168406,0,0,Trumpet,3162,5,3167,0.26,0.16,0.26,1231019,1237613,2033175
JITENDRA NARESH BHABHE (JITENDRA BHAVE),Maharashtra,Nashik,IND,MALE,54,GENERAL,Graduate,1,6877400,4001259,0,Bat,3125,7,3132,0.25,0.15,0.25,1231019,1237613,2033175
GANESH BALASAHEB BORASTE,Maharashtra,Nashik,IND,MALE,36,GENERAL,Others,1,5660100,2000000,0,Gas Stove,2403,1,2404,0.19,0.12,0.2,1231019,1237613,2033175
SOPAN NIVRUTTI SOMWANSHI,Maharashtra,Nashik,IND,MALE,39,GENERAL,Others,1,,,0,Sewing machine,1210,1,1211,0.1,0.06,0.1,1231019,1237613,2033175
ADV. ZUNJAR MHASUJI AVHAD,Maharashtra,Nashik,BARESP,MALE,82,GENERAL,Graduate Professional,1,25000,0,0,Whistle,1205,5,1210,0.1,0.06,0.1,1231019,1237613,2033175
RAJESH RAGHUNATH PATIL,Maharashtra,Palghar,BVA,MALE,49,ST,12th Pass,1,76326919,433716,0,Whistle,254011,506,254517,18.49,11.84,18.82,1352689,1376677,2148850
DINKAR DATTATRAYA WADHAN,Maharashtra,Palghar,IND,MALE,58,ST,10th Pass,1,,,0,Well,10672,15,10687,0.78,0.5,0.79,1352689,1376677,2148850
AMAR KISAN KAVALE,Maharashtra,Palghar,IND,MALE,35,ST,10th Pass,1,1319000,0,0,Battery Torch,9806,15,9821,0.71,0.46,0.73,1352689,1376677,2148850
NILESH BHAGWAN SAMBARE,Maharashtra,Bhiwandi,IND,MALE,48,GENERAL,12th Pass,6,,,0,Sewing machine,230254,1163,231417,18.44,11.09,18.6,1244052,1254778,2087604
RAHUL ASHOK KATHOLE,Maharashtra,Bhiwandi,IND,MALE,34,GENERAL,Graduate Professional,6,24249383,80561,0,Battery Torch,3131,4,3135,0.25,0.15,0.25,1244052,1254778,2087604
SURESH PANDAGALE,Maharashtra,Bhiwandi,apnipp,MALE,48,SC,Literate,1,,,0,Whistle,1997,16,2013,0.16,0.1,0.16,1244052,1254778,2087604
KHAN MOHD AKARAM ABDUL HANAN,Maharashtra,Bhiwandi,AIMIM,MALE,48,GENERAL,12th Pass,1,32809005,0,0,Kite,1739,2,1741,0.14,0.08,0.14,1244052,1254778,2087604
DANISH EZAZ AH. SHAIKH,Maharashtra,Bhiwandi,BAHUMP,MALE,47,GENERAL,10th Pass,4,111000,0,0,Ganna kisan,1580,6,1586,0.13,0.08,0.13,1244052,1254778,2087604
WASEEM TUFAIL SIDDIQUI,Maharashtra,Bhiwandi,IND,MALE,48,GENERAL,12th Pass,2,50100,0,0,Kettle,803,2,805,0.06,0.04,0.06,1244052,1254778,2087604
VAISHALI DAREKAR - RANE,Maharashtra,Kalyan,SHSUBT,FEMALE,49,GENERAL,Post Graduate,2,51504494,1561727,0,Flaming torch,379236,1256,380492,36.33,18.27,36.8,1034050,1047247,2082800
MO. SAHABUDDIN SHAIKH SULEMANI THAKUR,Maharashtra,Kalyan,VBA,MALE,66,GENERAL,Others,1,53432410,13200000,0,Gas cylinder,18697,44,18741,1.79,0.9,1.81,1034050,1047247,2082800
ASHWINI AMOL KENDRE,Maharashtra,Kalyan,IND,FEMALE,34,SC,Graduate,1,3097000,1957000,0,Carrom board,2461,7,2468,0.24,0.12,0.24,1034050,1047247,2082800
ABHIJIT WAMANRAO BICHUKALE,Maharashtra,Kalyan,IND,MALE,48,SC,Graduate,1,929111,0,0,Television,1823,1,1824,0.17,0.09,0.18,1034050,1047247,2082800
SHIVA KRISHNAMURTI IYER,Maharashtra,Kalyan,IND,MALE,61,GENERAL,Post Graduate,1,,,0,Bat,435,2,437,0.04,0.02,0.04,1034050,1047247,2082800
NARESH GANPAT MHASKE,Maharashtra,Thane,SHS,MALE,54,GENERAL,12th Pass,2,262602215,46063890,1,Bow and arrow,732109,2122,734231,56,29.27,56.87,1291167,1311056,2508072
RAJAN BABURAO VICHARE,Maharashtra,Thane,SHSUBT,MALE,62,GENERAL,10th Pass,6,297279258,41899116,0,Flaming torch,515013,2207,517220,39.45,20.62,40.06,1291167,1311056,2508072
VIJAY DNYANOBA GHATE,Maharashtra,Thane,RBS,MALE,55,SC,8th Pass,5,,,0,Whistle,1870,17,1887,0.14,0.08,0.15,1291167,1311056,2508072
MALLIKARJUN SAYBANNA PUJARI,Maharashtra,Thane,IND,MALE,53,GENERAL,Literate,2,6001100,4750000,0,Apple,597,2,599,0.05,0.02,0.05,1291167,1311056,2508072
MUNNALAL GAJRAJ PRAJAPATI,Maharashtra,Mumbai North,IND,MALE,48,GENERAL,5th Pass,6,394000,0,0,Cot,968,3,971,0.09,0.05,0.09,1022147,1036495,1812115
GURUDAS RAMDAS KHAIRNAR,Maharashtra,Mumbai North,IND,MALE,61,SC,8th Pass,1,,,0,Sewing machine,484,2,486,0.05,0.03,0.05,1022147,1036495,1812115
SAYED ZULFIQAR ALAM,Maharashtra,Mumbai North,BAHUMP,MALE,41,GENERAL,5th Pass,1,2260000,0,0,Television,344,4,348,0.03,0.02,0.03,1022147,1036495,1812115
RAVINDRA DATTARAM WAIKAR,Maharashtra,Mumbai North West,SHS,MALE,65,GENERAL,Graduate,3,545049854,44810574,1,Bow and arrow,451094,1550,452644,47.39,26.08,48.16,939778,955050,1735295
PARMESHWAR ASHOK RANSHUR,Maharashtra,Mumbai North West,VBA,MALE,36,SC,8th Pass,2,11932601,7255000,0,Gas cylinder,10001,51,10052,1.05,0.58,1.07,939778,955050,1735295
RAJESH RAMKISAN MALLAH,Maharashtra,Mumbai North West,BSP,MALE,43,GENERAL,8th Pass,1,,,0,Elephant,4790,22,4812,0.5,0.28,0.51,939778,955050,1735295
BHARAT KHIMJI SHAH,Maharashtra,Mumbai North West,HSP,MALE,53,GENERAL,12th Pass,1,,,0,Auto- rickshaw,932,5,937,0.1,0.05,0.1,939778,955050,1735295
SUSHMA DAYANAND MEHTA,Maharashtra,Mumbai North West,IND,FEMALE,42,GENERAL,10th Pass,1,,,0,Cot,875,7,882,0.09,0.05,0.09,939778,955050,1735295
DAULAT KADAR KHAN,Maharashtra,Mumbai North East,VBA,MALE,44,GENERAL,Literate,1,,,0,Air conditioner,14571,86,14657,1.58,0.9,1.6,916296,927267,1637292
PROF. DR. PRASHANT GANGAWANE,Maharashtra,Mumbai North East,DJHP,MALE,41,SC,Doctorate,1,,,0,Pressure cooker,2338,35,2373,0.26,0.14,0.26,916296,927267,1637292
PREM RAMAPATI GUPTA,Maharashtra,Mumbai North East,IND,MALE,54,GENERAL,5th Pass,3,3595501,0,0,Cot,1598,3,1601,0.17,0.1,0.17,916296,927267,1637292
GAIKWAD VARSHA EKNATH,Maharashtra,Mumbai North Central,INC,FEMALE,49,GENERAL,Post Graduate,7,76848656,10160000,1,Hand,444098,1447,445545,48.92,25.54,49.46,900813,910742,1744297
RAMZAN ALI CHAUDHARY,Maharashtra,Mumbai North Central,AIMIM,MALE,40,GENERAL,Graduate Professional,1,45200716,0,0,Kite,1521,10,1531,0.17,0.09,0.17,900813,910742,1744297
AJAZ MOHAMMAD SAFI KHAN,Maharashtra,Mumbai North Central,IND,MALE,42,GENERAL,8th Pass,11,4446127,0,0,Dumbbells,1041,0,1041,0.11,0.06,0.12,900813,910742,1744297
HARSHADA BABURAV JADHAV,Maharashtra,Mumbai North Central,MVA,FEMALE,36,GENERAL,Graduate Professional,1,,,0,Road roller,673,17,690,0.08,0.04,0.08,900813,910742,1744297
ADV ASIF ALI SIDDIQUIE,Maharashtra,Mumbai North Central,IND,MALE,52,GENERAL,Post Graduate,1,6224745,4272468,0,Ship,681,2,683,0.07,0.04,0.08,900813,910742,1744297
MUZAFAR ALI SHAIKH,Maharashtra,Mumbai North Central,IND,MALE,33,GENERAL,10th Pass,1,1395341,534477,0,Walking stick,173,0,173,0.02,0.01,0.02,900813,910742,1744297
ADV. SANTOSH PUNJIRAM SANJKAR,Maharashtra,Mumbai South Central,IND,MALE,48,SC,Post Graduate,4,1638030,0,0,Whistle,1565,13,1578,0.2,0.11,0.2,781101,794872,1474660
SAEED CHOUDHARY,Maharashtra,Mumbai South Central,SDPI,MALE,49,GENERAL,8th Pass,5,3622311,31249,0,Auto- rickshaw,1186,5,1191,0.15,0.08,0.15,781101,794872,1474660
ARVIND GANPAT SAWANT,Maharashtra,Mumbai South,SHSUBT,MALE,72,GENERAL,Graduate,1,50485191,0,1,Flaming torch,393735,1920,395655,51.16,25.75,52.08,759702,773328,1536443
GOHIL MANISHA SHIVRAM,Maharashtra,Mumbai South,IND,FEMALE,43,SC,10th Pass,3,4540800,1252760,0,Whistle,1032,13,1045,0.14,0.07,0.14,759702,773328,1536443
RAHUL PHANASWADIKAR,Maharashtra,Mumbai South,LSEP,MALE,29,GENERAL,8th Pass,1,4708000,0,0,Sewing machine,784,3,787,0.1,0.05,0.1,759702,773328,1536443
PRASHANT PRAKASH GHADGE,Maharashtra,Mumbai South,IND,MALE,38,GENERAL,8th Pass,2,25000,0,0,Air conditioner,487,3,490,0.06,0.03,0.06,759702,773328,1536443
KUMUDINI RAVINDRA CHAVAN,Maharashtra,Raigad,VBA,FEMALE,49,GENERAL,Post Graduate,1,,,0,Pressure cooker,19500,118,19618,1.93,1.17,1.99,986002,1015216,1669722
CHAULE PANDURANG DAMODAR,Maharashtra,Raigad,IND,MALE,70,GENERAL,10th Pass,2,1540618,303000,0,Ship,2394,23,2417,0.24,0.14,0.25,986002,1015216,1669722
SHRIRANG APPA CHANDU BARNE,Maharashtra,Maval,SHS,MALE,60,GENERAL,10th Pass,3,1318591631,8528711,1,Bow and arrow,692101,731,692832,48.78,26.79,49.39,1402641,1420227,2585776
SANJOG BHIKU WAGHERE PATIL,Maharashtra,Maval,SHSUBT,MALE,59,GENERAL,10th Pass,3,,,0,Flaming torch,595542,675,596217,41.98,23.06,42.51,1402641,1420227,2585776
ADV JYOTISHWAR VISHNU BHOSALE,Maharashtra,Maval,BALP,MALE,42,GENERAL,Graduate Professional,1,,,0,Ganna kisan,10874,5,10879,0.77,0.42,0.78,1402641,1420227,2585776
AJAY HANUMANT LONDHE,Maharashtra,Maval,IND,MALE,39,SC,Graduate,2,79339,390000,0,Funnel,4766,1,4767,0.34,0.18,0.34,1402641,1420227,2585776
SHIVAJI KISAN JADHAV,Maharashtra,Maval,AIFB,MALE,57,GENERAL,Graduate,2,29409905,0,0,Lion,1672,4,1676,0.12,0.06,0.12,1402641,1420227,2585776
MANOJ BHASKAR GARBADE,Maharashtra,Maval,IND,MALE,37,SC,12th Pass,1,699742,116553,0,Sewing machine,1233,0,1233,0.09,0.05,0.09,1402641,1420227,2585776
MUKESH MANOHAR AGARWAL,Maharashtra,Maval,IND,MALE,50,GENERAL,10th Pass,4,,,0,Almirah,546,1,547,0.04,0.02,0.04,1402641,1420227,2585776
MURLIDHAR MOHOL,Maharashtra,Pune,BJP,MALE,49,GENERAL,Graduate,3,243244483,148557877,1,Lotus,584171,557,584728,52.93,28.35,53.3,1097112,1104769,2062172
DHANGEKAR RAVINDRA HEMRAJ,Maharashtra,Pune,INC,MALE,57,GENERAL,8th Pass,8,81601478,7115435,0,Hand,461409,281,461690,41.79,22.39,42.08,1097112,1104769,2062172
VASANT (TATYA) MORE,Maharashtra,Pune,VBA,MALE,50,GENERAL,12th Pass,7,59226407,36859586,0,Road roller,31991,21,32012,2.9,1.55,2.92,1097112,1104769,2062172
ANIS ARASHID SUNDAKE,Maharashtra,Pune,AIMIM,MALE,55,GENERAL,5th Pass,5,4730658,4183068,0,Kite,859,1,860,0.08,0.04,0.08,1097112,1104769,2062172
ASHWINI PRATIBHA KHAIRNAR,Maharashtra,Pune,IND,FEMALE,31,GENERAL,Graduate Professional,1,,,0,Plastering trowel,412,3,415,0.04,0.02,0.04,1097112,1104769,2062172
HEMANT BABURAV KOLEKAR ALIAS HEMANT PATIL,Maharashtra,Pune,apnipp,MALE,54,GENERAL,8th Pass,1,50595000,900000,0,CCTV Camera,374,1,375,0.03,0.02,0.03,1097112,1104769,2062172
NEERAJ SUNIL KAMTHAN,Maharashtra,Pune,HSP,MALE,39,GENERAL,Graduate,1,,,0,Auto- rickshaw,351,0,351,0.03,0.02,0.03,1097112,1104769,2062172
DR. BALASAHEB ARJUN POL,Maharashtra,Pune,IND,MALE,53,SC,Graduate Professional,4,983461,131000,0,Slate,259,0,259,0.02,0.01,0.02,1097112,1104769,2062172
BAGBAN SALEEM ABDUL RAZZAQUE,Maharashtra,Pune,IND,MALE,59,GENERAL,Graduate Professional,3,12450000,2225000,0,Apple,146,0,146,0.01,0.01,0.01,1097112,1104769,2062172
DR. SOMNATH ALIAS BALASAHEB ARJUN POL,Maharashtra,Baramati,IND,MALE,53,SC,Graduate Professional,4,,,0,Pressure cooker,1169,0,1169,0.08,0.05,0.08,1403198,1414034,2374884
SHIVAJI RAMBHAU NANDKHILE,Maharashtra,Baramati,BHRJWNKP,MALE,64,GENERAL,Literate,2,24284916,2132600,0,Gift pack,785,4,789,0.06,0.03,0.06,1403198,1414034,2374884
BALASO MARUTI DHAPATE,Maharashtra,Baramati,IND,MALE,53,GENERAL,8th Pass,1,,,0,Room cooler,655,0,655,0.05,0.03,0.05,1403198,1414034,2374884
VIJAY LAXMAN GHAVALE,Maharashtra,Baramati,IND,MALE,62,SC,Graduate Professional,1,13206128,3194357,0,Iron,617,3,620,0.04,0.03,0.04,1403198,1414034,2374884
ADHALRAO SHIVAJI DATTATREY,Maharashtra,Shirur,NCP,MALE,68,GENERAL,12th Pass,5,396800190,38940472,0,Clock,557138,603,557741,40.48,21.94,40.87,1364803,1377691,2541750
MANOHAR MAHADU WADEKAR,Maharashtra,Shirur,IND,MALE,52,GENERAL,5th Pass,1,9668000,1000000,0,Trumpet,28324,6,28330,2.06,1.11,2.08,1364803,1377691,2541750
DR. ANWAR SHAIKH,Maharashtra,Shirur,VBA,MALE,60,GENERAL,Doctorate,2,15270681,7096576,0,Pressure cooker,17444,18,17462,1.27,0.69,1.28,1364803,1377691,2541750
CHANDGUDE VINOD VASANT,Maharashtra,Shirur,IND,MALE,38,GENERAL,Post Graduate,1,6204000,1599000,0,CCTV Camera,8076,2,8078,0.59,0.32,0.59,1364803,1377691,2541750
ADV. DR. LAXMAN RAMBHAU DAMSE,Maharashtra,Shirur,BHRTADVSIP,MALE,68,SC,Doctorate,2,45980000,0,0,Hockey and ball,4125,11,4136,0.3,0.16,0.3,1364803,1377691,2541750
ASLAM ISAK BAGWAN,Maharashtra,Shirur,LKSNP,MALE,56,GENERAL,12th Pass,2,,,0,Whistle,2348,2,2350,0.17,0.09,0.17,1364803,1377691,2541750
KAMBLE TRIMBAK NARAYAN,Maharashtra,Shirur,BALP,MALE,32,GENERAL,8th Pass,1,450000,320000,0,Ganna kisan,2223,4,2227,0.16,0.09,0.16,1364803,1377691,2541750
BHOR VIKAS ROHIDAS,Maharashtra,Shirur,IND,MALE,39,GENERAL,Graduate,1,,,0,Basket containing Fruits,1145,2,1147,0.08,0.05,0.08,1364803,1377691,2541750
DADA ALIAS VIKAS SURESH KASBE,Maharashtra,Shirur,IND,MALE,30,SC,8th Pass,4,6004441,270333,0,Cot,1105,1,1106,0.08,0.04,0.08,1364803,1377691,2541750
RAVINDRA MOTIRAM SIRSAM,Maharashtra,Shirur,IND,MALE,63,ST,12th Pass,3,650000,0,0,Auto- rickshaw,870,0,870,0.06,0.03,0.06,1364803,1377691,2541750
PRAKASH SUKHADEO JAMDHADE,Maharashtra,Shirur,IND,MALE,40,GENERAL,Graduate,1,8411066,0,0,Table,602,1,603,0.04,0.02,0.04,1364803,1377691,2541750
NILESH DNYANDEV LANKE,Maharashtra,Ahmednagar,NCPSP,MALE,44,GENERAL,Graduate,2,4554561,3748757,1,Man blowing turha,622144,2653,624797,47.08,31.41,47.25,1322195,1327130,1988934
ALEKAR GORAKH DASHRATH,Maharashtra,Ahmednagar,IND,MALE,38,GENERAL,Graduate,3,206000,6509286,0,Trumpet,44582,15,44597,3.36,2.24,3.37,1322195,1327130,1988934
DEELIP KONDIBA KHEDKAR,Maharashtra,Ahmednagar,VBA,MALE,58,GENERAL,Graduate Professional,1,,,0,Kettle,13689,60,13749,1.04,0.69,1.04,1322195,1327130,1988934
SURYABHAN (ALIAS SURESH) DATTATRAYA LAMBE,Maharashtra,Ahmednagar,IND,MALE,49,GENERAL,8th Pass,1,14011000,1150000,0,Diamond,2092,0,2092,0.16,0.11,0.16,1322195,1327130,1988934
GANGADHAR HARIBHAU KOLEKAR,Maharashtra,Ahmednagar,IND,MALE,45,GENERAL,12th Pass,1,1503983,0,0,Chakki,1059,0,1059,0.08,0.05,0.08,1322195,1327130,1988934
SHEKATKAR ANIL GANPAT,Maharashtra,Ahmednagar,IND,MALE,49,SC,8th Pass,2,188500,75000,0,Road roller,702,0,702,0.05,0.04,0.05,1322195,1327130,1988934
ADV. MAHENDRA DADASAHEB SHINDE,Maharashtra,Ahmednagar,IND,MALE,44,SC,Post Graduate,1,32234,0,0,Bat,674,1,675,0.05,0.03,0.05,1322195,1327130,1988934
RAMCHANDRA NAMDEV JADHAV,Maharashtra,Shirdi,BSP,MALE,63,SC,Post Graduate,4,,,0,Elephant,7000,40,7040,0.66,0.42,0.67,1054484,1060418,1680067
CHANDRAKANT SAMBHAJI DONDE,Maharashtra,Shirdi,IND,MALE,29,SC,10th Pass,2,,,0,Stool,2074,6,2080,0.2,0.12,0.2,1054484,1060418,1680067
PANKAJA GOPINATHRAO MUNDE,Maharashtra,Beed,BJP,FEMALE,44,GENERAL,Graduate,2,461133976,270380026,0,Lotus,675349,2048,677397,44.43,31.55,44.56,1520208,1524570,2147063
ASHOK SUKHDEV HINGE,Maharashtra,Beed,VBA,MALE,52,GENERAL,Post Graduate,3,35300000,0,0,Gas cylinder,50741,126,50867,3.34,2.37,3.35,1520208,1524570,2147063
SHAMSHER KHAN SAHEB KHAN PATHAN,Maharashtra,Beed,IND,MALE,68,GENERAL,Illiterate,1,174000,0,0,Battery Torch,4704,0,4704,0.31,0.22,0.31,1520208,1524570,2147063
KARUNA DHANANJAY MUNDE,Maharashtra,Beed,SSS,FEMALE,44,GENERAL,Others,1,99576064,6400000,0,Diamond,1594,5,1599,0.1,0.07,0.11,1520208,1524570,2147063
DR. SHRIRAM VITTHALRAO KHALGE,Maharashtra,Beed,IND,MALE,69,SC,Others,1,7911000,2192403,0,Road roller,1512,0,1512,0.1,0.07,0.1,1520208,1524570,2147063
RAJENDRA ACHYUTRAO HOKE,Maharashtra,Beed,IND,MALE,40,GENERAL,12th Pass,2,,,0,Television,427,0,427,0.03,0.02,0.03,1520208,1524570,2147063
ADV. MANIK BANSI AADMANE,Maharashtra,Beed,BARESP,MALE,50,SC,Post Graduate,1,,,0,Nagrik,425,1,426,0.03,0.02,0.03,1520208,1524570,2147063
OMPRAKASH BHUPALSINH ALIAS PAVAN RAJENIMBALKAR,Maharashtra,Osmanabad,SHSUBT,MALE,40,GENERAL,Graduate Professional,2,75325549,251709,1,Flaming torch,743597,5155,748752,58.38,37.5,58.64,1276754,1282443,1996484
ANDHALKAR BHAUSAHEB RAOSAHEB,Maharashtra,Osmanabad,VBA,MALE,66,GENERAL,Graduate,11,29330000,9244589,0,Pressure cooker,33221,181,33402,2.6,1.67,2.62,1276754,1282443,1996484
GORE NETAJI NAGNATH,Maharashtra,Osmanabad,DJHP,MALE,67,GENERAL,Graduate Professional,1,59866000,900000,0,Whistle,2314,22,2336,0.18,0.12,0.18,1276754,1282443,1996484
ARJUN (DADA) SALGAR,Maharashtra,Osmanabad,IND,MALE,44,GENERAL,10th Pass,6,482000,1900000,0,Chess board,1923,12,1935,0.15,0.1,0.15,1276754,1282443,1996484
NARSINGRAO UDGIRKAR,Maharashtra,Latur,VBA,MALE,67,SC,Post Graduate,1,18314960,2385000,0,Gas cylinder,42104,121,42225,3.4,2.13,3.42,1235512,1243151,1980409
ALTE VISHWANATH MAHADEV,Maharashtra,Latur,BSP,MALE,41,SC,Post Graduate,1,5417561,651000,0,Elephant,5081,40,5121,0.41,0.26,0.41,1235512,1243151,1980409
DATTU SOPAN NARSINGE,Maharashtra,Latur,IND,MALE,52,SC,Post Graduate,1,10100000,2000000,0,Television,2000,2,2002,0.16,0.1,0.16,1235512,1243151,1980409
DEEPAK KEDAR,Maharashtra,Latur,IND,MALE,39,SC,Graduate,10,892000,54000,0,Bat,1712,14,1726,0.14,0.09,0.14,1235512,1243151,1980409
UMESH AMBADAS KAMBLE,Maharashtra,Latur,IND,MALE,28,SC,Post Graduate,2,743333,0,0,Flute,1683,8,1691,0.14,0.09,0.14,1235512,1243151,1980409
BANSODE RAGHUNATH WAGHOJI,Maharashtra,Latur,IND,MALE,57,SC,Graduate,3,,,0,Pressure cooker,1596,4,1600,0.13,0.08,0.13,1235512,1243151,1980409
PANCHSHIL VIKRAM KAMBLE,Maharashtra,Latur,IND,MALE,41,SC,Graduate Professional,1,2127000,439000,0,Iron,1232,9,1241,0.1,0.06,0.1,1235512,1243151,1980409
SHANKAR HARI TADAKHE,Maharashtra,Latur,BALP,MALE,63,SC,12th Pass,1,50000,0,0,Ganna kisan,1126,2,1128,0.09,0.06,0.09,1235512,1243151,1980409
ADV. KASBEKAR SHRIDHAR LIMBAJI,Maharashtra,Latur,RSSDP,MALE,74,SC,Graduate Professional,1,5855060,0,0,Batsman,987,7,994,0.08,0.05,0.08,1235512,1243151,1980409
PRANITI SUSHILKUMAR SHINDE,Maharashtra,Solapur,INC,FEMALE,43,SC,Graduate Professional,3,66070402,0,1,Hand,618350,1875,620225,51.47,30.52,51.61,1201760,1205023,2031921
RAM VITTHAL SATPUTE,Maharashtra,Solapur,BJP,MALE,36,SC,Graduate Professional,5,10153186,5992374,0,Lotus,544770,1258,546028,45.31,26.87,45.44,1201760,1205023,2031921
YUGANDHAR CHANDRAKANT THOKALE,Maharashtra,Solapur,PPID,MALE,34,SC,12th Pass,1,161523,70000,0,Basket containing Fruits,1125,0,1125,0.09,0.06,0.09,1201760,1205023,2031921
KUMAR CHANDRAKANT LONDHE,Maharashtra,Solapur,BALP,MALE,41,SC,Others,1,5333000,1845000,0,Ganna kisan,678,1,679,0.06,0.03,0.06,1201760,1205023,2031921
ANNA SUKHADEV MASKE,Maharashtra,Solapur,IND,MALE,57,SC,Others,4,3186500,0,0,Pestle and mortar,496,5,501,0.04,0.02,0.04,1201760,1205023,2031921
MOHITE-PATIL DHAIRYASHEEL RAJSINH,Maharashtra,Madha,NCPSP,MALE,46,GENERAL,Post Graduate,36,489434188,205027212,1,Man blowing turha,618566,3647,622213,48.8,31.17,49,1269716,1275107,1996298
RANJEETSINGH HINDURAO NAIK NIMBALKAR,Maharashtra,Madha,BJP,MALE,47,GENERAL,12th Pass,3,2058258375,475707175,0,Lotus,499171,2205,501376,39.32,25.12,39.49,1269716,1275107,1996298
BARASKAR RAMESH NAGNATH,Maharashtra,Madha,VBA,MALE,47,GENERAL,Graduate,2,95332072,1600000,0,Whistle,20519,85,20604,1.62,1.03,1.62,1269716,1275107,1996298
HAKE LAXMAN SOPAN,Maharashtra,Madha,IND,MALE,45,GENERAL,Post Graduate,1,10511013,4200000,0,Chakki,5083,51,5134,0.4,0.26,0.4,1269716,1275107,1996298
DHANAJI SHRIPATI MASKE,Maharashtra,Madha,IND,MALE,32,GENERAL,Graduate Professional,1,4516000,500000,0,Spanner,4433,0,4433,0.35,0.22,0.35,1269716,1275107,1996298
BICHUKALE SANTOSH BALASAHEB,Maharashtra,Madha,RPI(A),MALE,38,GENERAL,Post Graduate,5,,,0,Pressure cooker,4039,7,4046,0.32,0.2,0.32,1269716,1275107,1996298
SAWANT RAHUL SHASHIKANT,Maharashtra,Madha,IND,MALE,31,GENERAL,10th Pass,2,9119000,0,0,Diamond,3903,6,3909,0.31,0.2,0.31,1269716,1275107,1996298
AWARE SIDDHESHWAR BHARAT,Maharashtra,Madha,AIFB,MALE,31,GENERAL,12th Pass,2,,,0,Lion,3058,9,3067,0.24,0.15,0.24,1269716,1275107,1996298
NANDU SAMBHAJI MORE,Maharashtra,Madha,IND,MALE,52,SC,12th Pass,2,1232300,440000,0,Hockey and ball,2686,1,2687,0.21,0.13,0.21,1269716,1275107,1996298
ADV. JORE SACHIN BHASKAR,Maharashtra,Madha,IND,MALE,41,GENERAL,Post Graduate,5,,,0,Gas cylinder,2344,3,2347,0.18,0.12,0.18,1269716,1275107,1996298
KIRAN TANAJI SATHE,Maharashtra,Madha,IND,MALE,38,SC,12th Pass,1,3725000,0,0,Auto- rickshaw,2167,8,2175,0.17,0.11,0.17,1269716,1275107,1996298
KASHINATH KISAN DEOKATE,Maharashtra,Madha,IND,MALE,63,GENERAL,Graduate Professional,2,,,0,Kettle,1276,3,1279,0.1,0.06,0.1,1269716,1275107,1996298
VISHAL (DADA) PRAKASHBAPU PATIL,Maharashtra,Sangli,IND,MALE,43,GENERAL,Graduate,9,299065726,82679549,1,Envelope,569651,2015,571666,48.89,30.5,49.19,1162179,1169320,1874176
SANJAY (KAKA) PATIL,Maharashtra,Sangli,BJP,MALE,59,GENERAL,10th Pass,1,757776672,535348991,0,Lotus,469392,2221,471613,40.33,25.16,40.58,1162179,1169320,1874176
CHANDRAHAR SUBHASH PATIL,Maharashtra,Sangli,SHSUBT,MALE,41,GENERAL,Post Graduate,2,,,0,Flaming torch,60115,745,60860,5.2,3.25,5.24,1162179,1169320,1874176
PRAKASH SHIVAJIRAO SHENDGE,Maharashtra,Sangli,IND,MALE,65,GENERAL,Post Graduate,1,,,0,Auto- rickshaw,8150,101,8251,0.71,0.44,0.71,1162179,1169320,1874176
MAHESH YASHWANT KHARADE,Maharashtra,Sangli,SWP,MALE,48,GENERAL,Post Graduate,7,6717998,0,0,Whistle,5491,30,5521,0.47,0.29,0.48,1162179,1169320,1874176
ANAND SHANKAR NALAGE,Maharashtra,Sangli,BALP,MALE,55,GENERAL,12th Pass,2,226260,300000,0,Ganna kisan,3531,9,3540,0.3,0.19,0.3,1162179,1169320,1874176
DATTATRAY PANDIT PATIL,Maharashtra,Sangli,IND,MALE,51,GENERAL,5th Pass,1,1241875,0,0,Bicycle pump,1468,1,1469,0.13,0.08,0.13,1162179,1169320,1874176
JALINDAR MACHINDRA THOMAKE,Maharashtra,Sangli,IND,MALE,47,SC,10th Pass,1,35710100,300000,0,Camera,1257,3,1260,0.11,0.07,0.11,1162179,1169320,1874176
SHRIMANT CHH UDAYANRAJE PRATAPSINHAMAHARAJ BHONSLE,Maharashtra,Satara,BJP,MALE,58,GENERAL,12th Pass,4,2231233939,24463842,1,Lotus,568749,2385,571134,47.59,30.07,47.89,1192482,1200184,1899325
SHASHIKANT JAYVANTRAO SHINDE,Maharashtra,Satara,NCPSP,MALE,61,GENERAL,Graduate,2,,,0,Man blowing turha,536475,1888,538363,44.86,28.34,45.15,1192482,1200184,1899325
GADE SANJAY KONDIBA,Maharashtra,Satara,IND,MALE,53,GENERAL,12th Pass,1,4371600,250000,0,Trumpet,37035,27,37062,3.09,1.95,3.11,1192482,1200184,1899325
KORDE SURESHRAO DINKAR,Maharashtra,Satara,IND,MALE,66,GENERAL,10th Pass,2,18583196,0,0,Auto- rickshaw,4699,13,4712,0.39,0.25,0.4,1192482,1200184,1899325
DR ABHIJEET WAMANRAO AWADE BICHUKALE,Maharashtra,Satara,IND,MALE,48,SC,Graduate,1,,,0,Almirah,1388,7,1395,0.12,0.07,0.12,1192482,1200184,1899325
TUSHAR VIJAY MOTLING,Maharashtra,Satara,BMUP,MALE,36,SC,Graduate Professional,1,4077756,2450000,0,Cot,1296,5,1301,0.11,0.07,0.11,1192482,1200184,1899325
NARAYAN TATU RANE,Maharashtra,Ratnagiri- Sindhudurg,BJP,MALE,72,GENERAL,10th Pass,7,1088739226,293710906,1,Lotus,445339,3175,448514,48.91,30.88,49.7,902395,916994,1452664
VINAYAK BHAURAO RAUT,Maharashtra,Ratnagiri- Sindhudurg,SHSUBT,MALE,70,GENERAL,Post Graduate,1,64643412,2127100,0,Flaming torch,396524,4132,400656,43.69,27.58,44.4,902395,916994,1452664
CHHATRAPATI SHAHU SHAHAJI,Maharashtra,Kolhapur,INC,MALE,76,GENERAL,Graduate,1,,,1,Hand,750323,4199,754522,54.12,38.84,54.39,1387343,1394170,1942725
KHADE BAJIRAO NANASO,Maharashtra,Kolhapur,IND,MALE,51,GENERAL,Post Graduate,1,41785290,8069035,0,Ganna kisan,3497,15,3512,0.25,0.18,0.25,1387343,1394170,1942725
SUBHASH VAIJU DESAI,Maharashtra,Kolhapur,IND,MALE,49,SC,12th Pass,3,28294908,485000,0,Envelope,847,2,849,0.06,0.04,0.06,1387343,1394170,1942725
SHASHIBHUSHAN JEEVANRAO DESAI,Maharashtra,Kolhapur,ABHM,MALE,47,GENERAL,12th Pass,1,4406103,0,0,Road roller,636,15,651,0.05,0.03,0.05,1387343,1394170,1942725
DR. SUNIL NAMDEV PATIL,Maharashtra,Kolhapur,NBPP,MALE,49,GENERAL,Graduate Professional,1,38937313,2600000,0,Gas cylinder,626,7,633,0.05,0.03,0.05,1387343,1394170,1942725
SATYAJEET BABASAHEB PATIL (AABA) SARUDKAR,Maharashtra,Hatkanangale,SHSUBT,MALE,49,GENERAL,Graduate,2,35783090,593047,0,Flaming torch,504181,2583,506764,39.06,27.87,39.26,1290921,1297282,1818396
RAJU SHETTI,Maharashtra,Hatkanangale,SWP,MALE,56,GENERAL,10th Pass,12,43092025,15006256,0,Whistle,178866,984,179850,13.86,9.89,13.93,1290921,1297282,1818396
ANANDRAO TUKARAM THORAT,Maharashtra,Hatkanangale,IND,MALE,61,GENERAL,Graduate,2,,,0,Kettle,3497,2,3499,0.27,0.19,0.27,1290921,1297282,1818396
RAGHUNATHDADA PATIL,Maharashtra,Hatkanangale,BHRJWNKP,MALE,72,GENERAL,Graduate,8,34745000,1000000,0,Gift pack,2146,28,2174,0.17,0.12,0.17,1290921,1297282,1818396
SHARAD BABURAO PATIL,Maharashtra,Hatkanangale,NBPP,MALE,54,GENERAL,Others,1,,,0,Gas cylinder,1356,5,1361,0.1,0.07,0.11,1290921,1297282,1818396
DINAKARRAO TULSHIDAS CHAVAN (PATIL),Maharashtra,Hatkanangale,AIFB,MALE,60,GENERAL,10th Pass,1,41842000,0,0,Lion,674,5,679,0.05,0.04,0.05,1290921,1297282,1818396
DR. MAZEL AMPAREEN LYNGDOH,Meghalaya,Shillong,NPEP,FEMALE,58,ST,Doctorate,1,22213833,3896450,0,Book,185531,957,186488,17.96,13.29,18.16,1026903,1038557,1402892
ROBERTJUNE KHARJAHRIN,Meghalaya,Shillong,UDP,MALE,35,ST,Graduate Professional,1,9876896,0,0,Drum,44278,285,44563,4.29,3.18,4.34,1026903,1038557,1402892
LABENN CH MARAK,Meghalaya,Tura,IND,MALE,44,ST,Post Graduate,1,63800,0,0,Coconut farm,6846,64,6910,1.02,0.83,1.03,668216,676470,827559
HAYITHUNG TUNGOE LOTHA,Nagaland,Nagaland,IND,MALE,43,ST,Post Graduate,1,14015000,0,0,Fountain,6050,182,6232,0.81,0.47,0.82,759150,766573,1325383
PRADEEP PUROHIT,Odisha,Bargarh,BJP,MALE,58,GENERAL,10th Pass,8,,,1,Lotus,709606,6753,716359,54.58,43.84,55.22,1297323,1312526,1633893
DEVIKA SIKA,Odisha,Bargarh,NAPt,FEMALE,40,GENERAL,10th Pass,3,10222,0,0,Apple,4524,14,4538,0.35,0.28,0.35,1297323,1312526,1633893
JUAL ORAM,Odisha,Sundargarh,BJP,MALE,63,ST,12th Pass,3,86325870,10361616,1,Lotus,490655,3627,494282,42.62,31.3,43.44,1137976,1159760,1579096
JANARDAN DEHURY,Odisha,Sundargarh,INC,MALE,70,ST,10th Pass,10,,,0,Hand,260681,1305,261986,22.59,16.59,23.02,1137976,1159760,1579096
SANTOSH JURA,Odisha,Sundargarh,NBBHNRSVP,MALE,39,ST,8th Pass,1,1660500,0,0,Gas cylinder,3976,5,3981,0.34,0.25,0.35,1137976,1159760,1579096
DHARMENDRA PRADHAN,Odisha,Sambalpur,BJP,MALE,54,GENERAL,Post Graduate,5,69219190,5337781,1,Lotus,587827,4335,592162,49.31,39.44,50,1184264,1200815,1501538
SUBASH MOHAPATRA,Odisha,Sambalpur,NJNDL,MALE,50,GENERAL,Doctorate,3,1642681,1000000,0,Letter box,1669,24,1693,0.14,0.11,0.14,1184264,1200815,1501538
SUBASH MOHAPATRA,Odisha,Sambalpur,NJNDL,MALE,50,GENERAL,Doctorate,3,1693681,1000000,0,Letter box,1669,24,1693,0.14,0.11,0.14,1184264,1200815,1501538
ANANTA NAYAK,Odisha,Keonjhar,BJP,MALE,55,ST,Others,1,8486265,176548,1,Lotus,571133,2790,573923,45.59,36.1,46.59,1231852,1258771,1589941
DHANURJAYA SIDU,Odisha,Keonjhar,BJD,MALE,58,ST,12th Pass,4,143028508,6064482,0,Conch,476206,675,476881,37.88,29.99,38.71,1231852,1258771,1589941
JOHN MIRAN MUNDA,Odisha,Keonjhar,IND,MALE,46,ST,Graduate Professional,4,266322,0,0,Auto- rickshaw,31729,7,31736,2.52,2,2.58,1231852,1258771,1589941
NABA CHARAN MAJHI,Odisha,Mayurbhanj,BJP,MALE,62,ST,Graduate,1,,,1,Lotus,580579,5392,585971,49.74,37.9,50.77,1154097,1178141,1546274
SUDAM MARNDI,Odisha,Mayurbhanj,BJD,MALE,56,ST,12th Pass,13,47647202,8596223,0,Conch,364745,1892,366637,31.12,23.71,31.77,1154097,1178141,1546274
BAJUN HANSDA,Odisha,Mayurbhanj,IND,MALE,36,ST,12th Pass,3,,,0,Football player,5304,18,5322,0.45,0.34,0.46,1154097,1178141,1546274
PRATAP CHANDRA SARANGI,Odisha,Balasore,BJP,MALE,69,GENERAL,Graduate,9,4959072,0,1,Lotus,561211,2275,563486,45.41,35,45.76,1231339,1240999,1610043
LEKHASRI SAMANTSINGHAR,Odisha,Balasore,BJD,FEMALE,53,GENERAL,Doctorate,9,,,0,Conch,415543,792,416335,33.55,25.86,33.81,1231339,1240999,1610043
ANANTA PRASAD SETHI,Odisha,Bhadrak,INC,MALE,76,SC,Graduate,1,,,0,Hand,221020,854,221874,17.02,12.51,17.17,1291899,1303583,1773928
ANJAN DAS,Odisha,Bhadrak,APoI,MALE,41,SC,10th Pass,1,612000,118000,0,Coat,3512,5,3517,0.27,0.2,0.27,1291899,1303583,1773928
ARTTATRANA MALIK,Odisha,Jajpur,IND,MALE,47,SC,12th Pass,1,2235925,12500,0,Cot,1234,18,1252,0.11,0.08,0.11,1154420,1161596,1548594
RUDRA NARAYAN PANY,Odisha,Dhenkanal,BJP,MALE,65,GENERAL,Graduate,8,5676627,0,1,Lotus,593907,4814,598721,49.81,39.04,50.83,1177896,1202003,1533702
JANARDAN NAIK,Odisha,Dhenkanal,IND,MALE,49,SC,Graduate Professional,1,1790000,80000,0,Ship,2647,6,2653,0.22,0.17,0.23,1177896,1202003,1533702
KAILAS CHANDRA PRADHAN,Odisha,Dhenkanal,IND,MALE,43,GENERAL,Graduate Professional,1,71635000,0,0,Dish antenna,2205,8,2213,0.18,0.14,0.19,1177896,1202003,1533702
SANGEETA KUMARI SINGH DEO,Odisha,Bolangir,BJP,FEMALE,62,GENERAL,Graduate,1,,,1,Lotus,614196,3548,617744,43.98,34.25,44.63,1384184,1404453,1803544
SURENDRA SINGH BHOI,Odisha,Bolangir,BJD,MALE,62,GENERAL,12th Pass,2,51925405,10229926,0,Conch,483964,1116,485080,34.54,26.9,35.04,1384184,1404453,1803544
BALRAM SINGH YADAV,Odisha,Bolangir,IND,MALE,55,GENERAL,Post Graduate,2,23550000,800000,0,Stool,8637,37,8674,0.62,0.48,0.63,1384184,1404453,1803544
DROUPADI MAJHI,Odisha,Kalahandi,INC,FEMALE,47,ST,10th Pass,1,4291379,393910,0,Hand,300060,3139,303199,22.65,17.81,23.07,1314529,1338480,1702038
BALABHADRA MAJHI,Odisha,Nabarangpur,BJP,MALE,63,ST,Graduate,2,,,1,Lotus,478330,3066,481396,38.51,31.78,40.14,1199207,1250175,1514610
PRADEEP KUMAR MAJHI,Odisha,Nabarangpur,BJD,MALE,48,ST,Graduate,17,23265510,2206219,0,Conch,392448,1412,393860,31.5,26,32.84,1199207,1250175,1514610
BHUJABAL MAJHI,Odisha,Nabarangpur,INC,MALE,57,ST,12th Pass,3,29781545,2543732,0,Hand,302095,1297,303392,24.27,20.03,25.3,1199207,1250175,1514610
SUKANTA KUMAR PANIGRAHI,Odisha,Kandhamal,BJP,MALE,57,GENERAL,Post Graduate,4,7071617,0,1,Lotus,413320,3095,416415,41.65,31.06,42.48,980371,999765,1340580
SUBASH MOHAPATRA,Odisha,Kandhamal,NJNDL,MALE,50,GENERAL,Doctorate,3,1642681,1000000,0,Letter box,4133,4,4137,0.41,0.31,0.42,980371,999765,1340580
SUBASH MOHAPATRA,Odisha,Kandhamal,NJNDL,MALE,50,GENERAL,Doctorate,3,1693681,1000000,0,Letter box,4133,4,4137,0.41,0.31,0.42,980371,999765,1340580
BHARTRUHARI MAHTAB,Odisha,Cuttack,BJP,MALE,66,GENERAL,Post Graduate,1,199052798,0,1,Lotus,529271,2330,531601,47.33,33.75,47.78,1112636,1123079,1574979
SURESH MOHAPATRA,Odisha,Cuttack,INC,MALE,67,GENERAL,Graduate Professional,2,10417605,0,0,Hand,83461,354,83815,7.46,5.32,7.53,1112636,1123079,1574979
BAIJAYANT PANDA,Odisha,Kendrapara,BJP,MALE,60,GENERAL,Graduate Professional,8,,,1,Lotus,612916,2789,615705,47.97,34.29,48.43,1271293,1283464,1795725
PRATAP CHANDRA MOHANTY,Odisha,Kendrapara,IND,MALE,44,GENERAL,Post Graduate,3,467035,304622,0,Scissors,1088,7,1095,0.09,0.06,0.09,1271293,1283464,1795725
BIBHU PRASAD TARAI,Odisha,Jagatsinghpur,BJP,MALE,59,SC,Post Graduate,3,17974886,950000,1,Lotus,585672,3421,589093,45.62,34.58,45.97,1281405,1291326,1703489
RABINDRA KUMAR SETHY,Odisha,Jagatsinghpur,INC,MALE,70,SC,Post Graduate,2,49892000,4800000,0,Hand,122875,695,123570,9.57,7.25,9.64,1281405,1291326,1703489
RAMESH CHANDRA SETHY,Odisha,Jagatsinghpur,CPI,MALE,56,SC,Others,1,3927621,0,0,Ears of corn and sickle,8112,18,8130,0.63,0.48,0.63,1281405,1291326,1703489
SANKAR DAS,Odisha,Jagatsinghpur,IND,MALE,61,SC,Graduate,1,1696757,600000,0,Bat,1476,12,1488,0.12,0.09,0.12,1281405,1291326,1703489
SAMBIT PATRA,Odisha,Puri,BJP,MALE,50,GENERAL,Post Graduate,1,19806997,0,1,Lotus,625372,3958,629330,52.38,39.59,52.91,1189328,1201434,1589698
JAYANARAYAN PATTANAYAK,Odisha,Puri,INC,MALE,56,GENERAL,Graduate Professional,5,,,0,Hand,24066,276,24342,2.03,1.53,2.05,1189328,1201434,1589698
DILLIP KUMAR BARAL,Odisha,Puri,IND,MALE,36,GENERAL,Post Graduate,1,,,0,Dustbin,1605,6,1611,0.13,0.1,0.14,1189328,1201434,1589698
APARAJITA SARANGI,Odisha,Bhubaneswar,BJP,FEMALE,54,GENERAL,Graduate,1,46254213,0,1,Lotus,509567,2952,512519,47.3,30.6,47.72,1073913,1083541,1675019
MANMATH KUMAR ROUTRAY,Odisha,Bhubaneswar,BJD,MALE,42,GENERAL,Graduate,2,,,0,Conch,475990,1377,477367,44.06,28.5,44.45,1073913,1083541,1675019
SYED YASHIR NAWAZ,Odisha,Bhubaneswar,INC,MALE,30,GENERAL,12th Pass,37,370000,0,0,Hand,66045,317,66362,6.12,3.96,6.18,1073913,1083541,1675019
SURESH CHANDRA PANIGRAHY,Odisha,Bhubaneswar,CPI(M),MALE,59,GENERAL,Post Graduate,7,,,0,"Hammer, Sickle and Star",4134,14,4148,0.38,0.25,0.39,1073913,1083541,1675019
SANJAYA KUMAR BISHOYI,Odisha,Aska,IND,MALE,42,GENERAL,Post Graduate,1,,,0,Diamond,11234,6,11240,1.1,0.69,1.13,995973,1018539,1623404
PITABAS SAHU,Odisha,Aska,ssrd,MALE,37,GENERAL,8th Pass,1,,,0,Grapes,6888,0,6888,0.68,0.42,0.69,995973,1018539,1623404
BHRUGU BAXIPATRA,Odisha,Berhampur,BJD,MALE,49,GENERAL,Graduate Professional,7,52541894,5525961,0,Conch,346780,846,347626,33.21,21.79,33.85,1026981,1046688,1595228
KALIRAM MAJHI,Odisha,Koraput,BJP,MALE,45,ST,Post Graduate,3,15008400,506461,0,Lotus,230367,1722,232089,20.09,15.66,20.9,1110513,1155221,1481642
RAJ KUMAR,Punjab,Gurdaspur,BSP,MALE,64,SC,12th Pass,1,,,0,Elephant,4859,71,4930,0.46,0.3,0.46,1074472,1081028,1627611
RAJ KUMAR,Punjab,Gurdaspur,BSP,MALE,64,SC,10th Pass,3,13004000,0,0,Elephant,4859,71,4930,0.46,0.3,0.46,1074472,1081028,1627611
SANJEEV SINGH,Punjab,Gurdaspur,IND,MALE,48,GENERAL,Graduate Professional,1,113885000,4000000,0,Ganna kisan,2172,6,2178,0.2,0.13,0.2,1074472,1081028,1627611
AMIT AGGARWAL,Punjab,Gurdaspur,IND,MALE,53,GENERAL,12th Pass,1,,,0,Chakki,920,4,924,0.09,0.06,0.09,1074472,1081028,1627611
JATINDER KUMAR SHARMA,Punjab,Gurdaspur,BRRTD,MALE,50,GENERAL,12th Pass,3,4782056,1300000,0,Rubber stamp,456,5,461,0.04,0.03,0.04,1074472,1081028,1627611
KULDEEP SINGH DHALIWAL,Punjab,Amritsar,AAAP,MALE,61,GENERAL,10th Pass,1,,,0,Broom,214268,612,214880,23.72,13.28,23.82,901942,905825,1617542
ANIL JOSHI,Punjab,Amritsar,SAD,MALE,60,GENERAL,12th Pass,2,,,0,Scales,162686,210,162896,17.98,10.07,18.06,901942,905825,1617542
VISHAL SIDHU,Punjab,Amritsar,BSP,MALE,38,SC,10th Pass,1,20000,0,0,Elephant,2713,20,2733,0.3,0.17,0.3,901942,905825,1617542
SHAMSHER SINGH SHERA,Punjab,Amritsar,IND,MALE,30,SC,Graduate,1,2300000,0,0,Dumbbells,1504,3,1507,0.17,0.09,0.17,901942,905825,1617542
BALWINDER SINGH,Punjab,Amritsar,IND,MALE,53,SC,5th Pass,1,,,0,Plastering trowel,854,3,857,0.09,0.05,0.1,901942,905825,1617542
AMRITPAL SINGH,Punjab,Khadoor Sahib,IND,MALE,31,GENERAL,8th Pass,1,10424717,0,1,Mike,402600,1830,404430,38.54,24.07,38.75,1043713,1049273,1680035
AMRITPAL SINGH,Punjab,Khadoor Sahib,IND,MALE,31,GENERAL,10th Pass,12,1838440,0,1,Mike,402600,1830,404430,38.54,24.07,38.75,1043713,1049273,1680035
KULBIR SINGH ZIRA,Punjab,Khadoor Sahib,INC,MALE,44,GENERAL,12th Pass,2,,,0,Hand,206286,1024,207310,19.76,12.34,19.86,1043713,1049273,1680035
LALJIT SINGH BHULLAR,Punjab,Khadoor Sahib,AAAP,MALE,42,GENERAL,12th Pass,2,91436489,2021136,0,Broom,194160,676,194836,18.57,11.6,18.67,1043713,1049273,1680035
VIRSA SINGH VALTOHA,Punjab,Khadoor Sahib,SAD,MALE,62,GENERAL,Post Graduate,1,,,0,Scales,86291,125,86416,8.24,5.14,8.28,1043713,1049273,1680035
PARAMJIT SINGH,Punjab,Khadoor Sahib,IND,MALE,46,SC,10th Pass,3,2344583,70000,0,Battery Torch,12522,3,12525,1.19,0.75,1.2,1043713,1049273,1680035
AJIT SINGH,Punjab,Khadoor Sahib,IND,MALE,38,SC,12th Pass,3,,,0,Diamond,2528,7,2535,0.24,0.15,0.24,1043713,1049273,1680035
ARUN KUMAR,Punjab,Khadoor Sahib,IND,MALE,36,GENERAL,12th Pass,1,,,0,Letter box,2522,3,2525,0.24,0.15,0.24,1043713,1049273,1680035
ARUN KUMAR,Punjab,Khadoor Sahib,IND,MALE,36,GENERAL,Doctorate,1,99021663,900000,0,Letter box,2522,3,2525,0.24,0.15,0.24,1043713,1049273,1680035
SURJIT SINGH BHIKHIWIND,Punjab,Khadoor Sahib,IND,MALE,45,GENERAL,12th Pass,3,7394000,2123000,0,Sewing machine,2367,4,2371,0.23,0.14,0.23,1043713,1049273,1680035
JASWANT SINGH SOHAL,Punjab,Khadoor Sahib,IND,MALE,44,GENERAL,12th Pass,2,,,0,Ship,1637,2,1639,0.16,0.1,0.16,1043713,1049273,1680035
SIMRANJEET SINGH,Punjab,Khadoor Sahib,IND,MALE,36,GENERAL,12th Pass,1,602000,0,0,Chimney,1338,3,1341,0.13,0.08,0.13,1043713,1049273,1680035
MAHINDER SINGH HAMIRA,Punjab,Khadoor Sahib,IND,MALE,56,SC,10th Pass,1,2547000,250000,0,Cot,1044,2,1046,0.1,0.06,0.1,1043713,1049273,1680035
PAWAN KUMAR TINU,Punjab,Jalandhar,AAAP,MALE,58,SC,Graduate,3,45986674,12724622,0,Broom,208549,340,208889,21.11,12.62,21.22,984364,989316,1655868
ADVOCATE BALWINDER KUMAR,Punjab,Jalandhar,BSP,MALE,45,SC,Post Graduate,1,4972497,0,0,Elephant,64856,85,64941,6.56,3.92,6.6,984364,989316,1655868
SARABJIT SINGH KHALSA,Punjab,Jalandhar,SAD(M),MALE,35,SC,12th Pass,1,40000,53000,0,Bucket,19252,32,19284,1.95,1.16,1.96,984364,989316,1655868
SONIA,Punjab,Jalandhar,RPPRINAT,FEMALE,50,SC,Graduate Professional,2,5616000,0,0,Battery Torch,1054,1,1055,0.11,0.06,0.11,984364,989316,1655868
TARACHAND SHEELA,Punjab,Jalandhar,LLRP,MALE,43,SC,5th Pass,1,1860000,0,0,Matchbox,400,1,401,0.04,0.02,0.04,984364,989316,1655868
SOHAN SINGH THANDAL,Punjab,Hoshiarpur,SAD,MALE,69,SC,Graduate,1,21089449,2239320,0,Scales,91503,286,91789,9.67,5.67,9.73,942933,949116,1618186
SONU SINGH PHAGWARA,Punjab,Hoshiarpur,IND,MALE,39,SC,Others,1,4163805,0,0,Coconut farm,1871,13,1884,0.2,0.12,0.2,942933,949116,1618186
PREM SINGH CHANDUMAJRA,Punjab,Anandpur Sahib,SAD,MALE,74,GENERAL,Post Graduate,2,,,0,Scales,117651,285,117936,10.95,6.78,11.01,1070721,1077450,1740606
JASVIR SINGH GARHI,Punjab,Anandpur Sahib,BSP,MALE,44,GENERAL,Post Graduate,1,12261510,0,0,Elephant,89953,204,90157,8.37,5.18,8.42,1070721,1077450,1740606
GAJJAN SINGH,Punjab,Anandpur Sahib,IND,MALE,45,SC,10th Pass,2,34935488,5489014,0,Ganna kisan,6164,7,6171,0.57,0.35,0.58,1070721,1077450,1740606
DHARMINDER SINGH HARMAN,Punjab,Anandpur Sahib,AKBRPRVP,MALE,39,GENERAL,12th Pass,3,9729325,350000,0,Kettle,2037,6,2043,0.19,0.12,0.19,1070721,1077450,1740606
RAVNEET SINGH BITTU,Punjab,Ludhiana,BJP,MALE,48,GENERAL,12th Pass,3,59428924,23228143,0,Lotus,300927,355,301282,28.43,17.11,28.58,1054081,1059678,1760756
RANJIT SINGH DHILLON,Punjab,Ludhiana,SAD,MALE,59,GENERAL,Graduate,1,59738917,0,0,Scales,90073,147,90220,8.51,5.12,8.56,1054081,1059678,1760756
AMANDEEP SINGH,Punjab,Ludhiana,SSF,MALE,42,GENERAL,10th Pass,1,11886718,0,0,Table,981,6,987,0.09,0.06,0.09,1054081,1059678,1760756
AMANDEEP SINGH,Punjab,Ludhiana,SSF,MALE,42,GENERAL,10th Pass,3,800000,0,0,Table,981,6,987,0.09,0.06,0.09,1054081,1059678,1760756
PARAMJIT SINGH,Punjab,Ludhiana,IND,MALE,63,SC,10th Pass,3,2344583,70000,0,Harmonium,927,0,927,0.09,0.05,0.09,1054081,1059678,1760756
BALVINDER SINGH BITTA,Punjab,Ludhiana,IND,MALE,49,GENERAL,8th Pass,1,,,0,Iron,918,0,918,0.09,0.05,0.09,1054081,1059678,1760756
GURDEEP SINGH KAHLON,Punjab,Ludhiana,IND,MALE,51,GENERAL,Graduate Professional,4,3170000,0,0,Hand cart,738,0,738,0.07,0.04,0.07,1054081,1059678,1760756
KIRPAL SINGH KAPURI,Punjab,Ludhiana,IND,MALE,57,GENERAL,10th Pass,6,6841600,1000000,0,Computer,621,0,621,0.06,0.04,0.06,1054081,1059678,1760756
SANTOSH KUMAR,Punjab,Ludhiana,BIP,MALE,48,GENERAL,8th Pass,1,6351500,14500,0,Balloon,610,0,610,0.06,0.03,0.06,1054081,1059678,1760756
RAJINDER GHAI,Punjab,Ludhiana,IND,MALE,44,SC,Graduate,1,740000,720000,0,Calculator,284,0,284,0.03,0.02,0.03,1054081,1059678,1760756
PARAMJIT SINGH,Punjab,Fatehgarh Sahib,IND,MALE,58,SC,10th Pass,3,2344583,70000,0,Table,2159,8,2167,0.22,0.14,0.22,965068,974566,1557201
KIKKAR SINGH DHALIWAL,Punjab,Faridkot,IND,MALE,60,SC,5th Pass,1,437000,0,0,Battery Torch,3514,3,3517,0.35,0.22,0.35,1010312,1014543,1599861
RAJ KUMAR CHAUHAN,Punjab,Faridkot,IND,MALE,49,SC,Post Graduate,1,24948,270000,0,Bat,1958,3,1961,0.19,0.12,0.19,1010312,1014543,1599861
PRITAM SINGH,Punjab,Faridkot,BMUP,MALE,74,SC,Graduate,1,9622000,100000,0,Cot,927,12,939,0.09,0.06,0.09,1010312,1014543,1599861
GURMIT SINGH SODHI,Punjab,Firozpur,BJP,MALE,70,GENERAL,10th Pass,1,242994788,3193007,0,Lotus,253841,1256,255097,22.63,15.23,22.8,1119015,1127376,1674979
NARDEV SINGH BOBBY MANN,Punjab,Firozpur,SAD,MALE,49,GENERAL,12th Pass,1,94419766,10514000,0,Scales,252327,1318,253645,22.5,15.14,22.67,1119015,1127376,1674979
GURCHARAN SINGH BHULLAR,Punjab,Firozpur,SAD(M),MALE,63,GENERAL,10th Pass,2,,,0,Bucket,15836,105,15941,1.41,0.95,1.42,1119015,1127376,1674979
FOJI ANGREJ SINGH WARWAL,Punjab,Firozpur,IND,MALE,41,SC,Graduate,1,4945000,0,0,Road roller,9435,43,9478,0.84,0.57,0.85,1119015,1127376,1674979
SURINDER KAMBOJ,Punjab,Firozpur,BSP,MALE,65,GENERAL,10th Pass,6,,,0,Elephant,8347,86,8433,0.75,0.5,0.75,1119015,1127376,1674979
JASKARAN SINGH KAHAN SINGH WALA,Punjab,Firozpur,IND,MALE,60,GENERAL,Post Graduate,3,,,0,Mike,6480,55,6535,0.58,0.39,0.58,1119015,1127376,1674979
PRITAM SINGH,Punjab,Firozpur,IND,MALE,50,SC,Graduate,1,9622000,100000,0,Green chilli,3030,1,3031,0.27,0.18,0.27,1119015,1127376,1674979
AJIT SINGH,Punjab,Firozpur,RTPP,MALE,63,GENERAL,12th Pass,3,,,0,Sewing machine,1609,6,1615,0.14,0.1,0.14,1119015,1127376,1674979
BALWINDER SINGH,Punjab,Firozpur,RPPRINAT,MALE,43,SC,5th Pass,1,,,0,School bag,1364,0,1364,0.12,0.08,0.12,1119015,1127376,1674979
JEETMOHINDER SINGH SIDHU,Punjab,Bathinda,INC,MALE,60,GENERAL,Graduate,2,304573592,7909745,0,Hand,200859,1152,202011,17.54,12.18,17.62,1146237,1151720,1659163
LAKHVIR SINGH LAKHA SIDHANA,Punjab,Bathinda,SAD(M),MALE,45,GENERAL,Post Graduate,15,1396900,0,0,Bucket,84222,462,84684,7.35,5.1,7.39,1146237,1151720,1659163
GURPREET SINGH URF PREET GHAINT,Punjab,Bathinda,JSDP,MALE,33,GENERAL,5th Pass,2,1347573,485000,0,Tyres,2619,9,2628,0.23,0.16,0.23,1146237,1151720,1659163
AMANDEEP SINGH,Punjab,Bathinda,IND,MALE,26,GENERAL,10th Pass,1,11886718,0,0,Telephone,1146,2,1148,0.1,0.07,0.1,1146237,1151720,1659163
AMANDEEP SINGH,Punjab,Bathinda,IND,MALE,26,GENERAL,10th Pass,3,800000,0,0,Telephone,1146,2,1148,0.1,0.07,0.1,1146237,1151720,1659163
SUKHPAL SINGH KHAIRA,Punjab,Sangrur,INC,MALE,59,GENERAL,12th Pass,6,500250975,29546770,0,Hand,190209,1316,191525,18.95,12.25,19.04,1005845,1010706,1563808
SIMRANJIT SINGH MANN,Punjab,Sangrur,SAD(M),MALE,79,GENERAL,Graduate,1,,,0,Bucket,186543,703,187246,18.53,11.97,18.62,1005845,1010706,1563808
ARVIND KHANNA,Punjab,Sangrur,BJP,MALE,57,GENERAL,Graduate,2,,,0,Lotus,127781,472,128253,12.69,8.2,12.75,1005845,1010706,1563808
SUKHWINDER SINGH,Punjab,Sangrur,IND,MALE,43,SC,8th Pass,2,2576000,0,0,Lunch box,3225,0,3225,0.32,0.21,0.32,1005845,1010706,1563808
BALWINDER SINGH SEKHON,Punjab,Sangrur,IND,MALE,61,GENERAL,12th Pass,3,11640000,463000,0,Road roller,2562,10,2572,0.25,0.16,0.26,1005845,1010706,1563808
BALWINDER SINGH,Punjab,Sangrur,IND,MALE,48,SC,5th Pass,1,,,0,Binoculars,2284,4,2288,0.23,0.15,0.23,1005845,1010706,1563808
AMANPREET SINGH,Punjab,Sangrur,IND,MALE,35,SC,5th Pass,1,,,0,Cauliflower,1686,7,1693,0.17,0.11,0.17,1005845,1010706,1563808
VIJAY SYAL,Punjab,Sangrur,IND,MALE,65,GENERAL,Post Graduate,1,6570000,2249872,0,Flute,1144,1,1145,0.11,0.07,0.11,1005845,1010706,1563808
DR BALBIR SINGH,Punjab,Patiala,AAAP,MALE,67,GENERAL,Post Graduate,2,73780780,0,0,Broom,290085,700,290785,25.24,16.05,25.39,1145062,1152252,1811580
N K SHARMA,Punjab,Patiala,SAD,MALE,54,GENERAL,Graduate,3,320726079,124618805,0,Scales,153780,198,153978,13.36,8.5,13.45,1145062,1152252,1811580
PROF MOHINDER PAL SINGH,Punjab,Patiala,SAD(M),MALE,62,GENERAL,Post Graduate,1,8760499,0,0,Bucket,47152,122,47274,4.1,2.61,4.13,1145062,1152252,1811580
SUKHVINDER SINGH,Punjab,Patiala,IND,MALE,42,GENERAL,Graduate,2,48107843,18338752,0,Tyres,2885,9,2894,0.25,0.16,0.25,1145062,1152252,1811580
DEVINDER RAJPUT,Punjab,Patiala,BHRJWNKP,MALE,44,GENERAL,Graduate Professional,2,,,0,Diamond,2302,9,2311,0.2,0.13,0.2,1145062,1152252,1811580
AMARJIT SINGH JAGDE RAHO,Punjab,Patiala,JNJWDIP,MALE,54,GENERAL,8th Pass,1,,,0,Saw,1981,11,1992,0.17,0.11,0.17,1145062,1152252,1811580
LABH SINGH PAL,Punjab,Patiala,IND,MALE,66,SC,8th Pass,1,3751500,0,0,Auto- rickshaw,1443,0,1443,0.13,0.08,0.13,1145062,1152252,1811580
KRISHAN KUMAR GABA,Punjab,Patiala,HSS,MALE,55,GENERAL,10th Pass,1,,,0,Flute,1000,8,1008,0.09,0.06,0.09,1145062,1152252,1811580
MANOJ KUMAR,Punjab,Patiala,IND,MALE,40,GENERAL,Post Graduate,2,16260000,0,1,Apple,674,0,674,0.06,0.04,0.06,1145062,1152252,1811580
MANOJ KUMAR,Punjab,Patiala,IND,MALE,40,GENERAL,12th Pass,1,720227,500000,1,Apple,674,0,674,0.06,0.04,0.06,1145062,1152252,1811580
MANOJ KUMAR,Punjab,Patiala,IND,MALE,40,GENERAL,12th Pass,2,,,1,Apple,674,0,674,0.06,0.04,0.06,1145062,1152252,1811580
MANOJ KUMAR,Punjab,Patiala,IND,MALE,40,GENERAL,Graduate,1,32491416,2400000,1,Apple,674,0,674,0.06,0.04,0.06,1145062,1152252,1811580
RAMESH KUMAR,Rajasthan,CHURU,IND,MALE,48,GENERAL,Post Graduate,3,85528,0,0,Apple,5720,4,5724,0.4,0.26,0.4,1417989,1426598,2222213
SHUBHKARAN CHOUDHARY,Rajasthan,JHUNJHUNU,BJP,MALE,66,GENERAL,12th Pass,5,92509250,4989560,0,Lotus,523669,11264,534933,47.54,25.5,48.09,1112295,1125116,2097732
SHEKHAWAT RAJENDRA SINGH,Rajasthan,JHUNJHUNU,IND,MALE,48,GENERAL,Post Graduate,4,30760917,0,0,Cot,7389,301,7690,0.68,0.37,0.69,1112295,1125116,2097732
HAZARI LAL,Rajasthan,JHUNJHUNU,BKP,MALE,56,ST,8th Pass,1,,,0,Electric pole,922,18,940,0.08,0.04,0.08,1112295,1125116,2097732
DHIRENDRA VERMA,Rajasthan,SIKAR,UMEDPI,MALE,31,SC,12th Pass,1,310500,100000,0,Auto- rickshaw,2885,59,2944,0.23,0.13,0.23,1293590,1304337,2232334
ANIL CHOPRA,Rajasthan,JAIPUR RURAL,INC,MALE,31,GENERAL,Post Graduate,8,42691840,1583925,0,Hand,602293,13969,616262,48.69,28.08,49.12,1254535,1265588,2194555
DR OM SINGH MEENA SEHARA,Rajasthan,JAIPUR RURAL,IND,MALE,70,ST,Post Graduate,1,69726018,0,0,Almirah,676,58,734,0.06,0.03,0.06,1254535,1265588,2194555
LALIT YADAV,Rajasthan,ALWAR,INC,MALE,37,GENERAL,Graduate,2,4623645,0,0,Hand,575964,7746,583710,46.44,28.13,46.79,1247616,1256821,2075093
FAZAL HUSSAIN,Rajasthan,ALWAR,BSP,MALE,59,GENERAL,Graduate Professional,1,119974900,48794900,0,Elephant,19178,109,19287,1.53,0.93,1.55,1247616,1256821,2075093
BHAJAN LAL JATAV,Rajasthan,KARAULI-DHOLPUR,INC,MALE,55,SC,10th Pass,1,33282184,18978157,1,Hand,525379,4632,530011,53.48,26.77,54.05,980662,990998,1980182
SUKHBIR SINGH JAUNAPURIA,Rajasthan,TONK-SAWAI MADHOPUR,BJP,MALE,66,GENERAL,12th Pass,1,,,0,Lotus,553309,5505,558814,45.48,25.98,45.86,1218407,1228602,2150616
MAKHAN LAL MEENA,Rajasthan,TONK-SAWAI MADHOPUR,IND,MALE,54,ST,10th Pass,12,,,0,Bat,3314,10,3324,0.27,0.15,0.27,1218407,1228602,2150616
VIJENDRA,Rajasthan,TONK-SAWAI MADHOPUR,ASPKR,MALE,47,ST,Post Graduate,16,12187000,1500000,0,Kettle,2669,28,2697,0.22,0.13,0.22,1218407,1228602,2150616
DULI CHAND SAINI,Rajasthan,TONK-SAWAI MADHOPUR,RJSTHNRJP,MALE,43,GENERAL,12th Pass,4,,,0,Binoculars,1253,11,1264,0.1,0.06,0.1,1218407,1228602,2150616
RAMCHANDRA CHOUDHARY,Rajasthan,AJMER,INC,MALE,79,GENERAL,Post Graduate,1,9906249,9735,0,Hand,413685,3786,417471,34.71,20.88,35.09,1189777,1202835,1999399
SHABUDADIN,Rajasthan,AJMER,nafp,MALE,52,GENERAL,8th Pass,1,1780000,0,0,Auto- rickshaw,1190,7,1197,0.1,0.06,0.1,1189777,1202835,1999399
HANUMAN BENIWAL,Rajasthan,NAGAUR,RLTP,MALE,52,GENERAL,Graduate Professional,1,8110760,0,1,Bottle,591460,5495,596955,48.09,27.69,48.54,1229702,1241279,2155502
BHIYARAM,Rajasthan,PALI,IND,MALE,67,GENERAL,5th Pass,1,10322592,0,0,Air conditioner,1335,10,1345,0.1,0.06,0.1,1339989,1355574,2348274
KARAN SINGH UCHIYARDA,Rajasthan,JODHPUR,INC,MALE,55,GENERAL,Graduate,4,756679425,196818421,0,Hand,608228,6151,614379,44.33,28.73,44.74,1373247,1385918,2138241
SUNIL KUMAR PAREEK,Rajasthan,JODHPUR,IND,MALE,44,GENERAL,Post Graduate,3,1118497,70000,0,Telephone,7424,5,7429,0.54,0.35,0.54,1373247,1385918,2138241
RAVINDRA SINGH BHATI,Rajasthan,BARMER,IND,MALE,26,GENERAL,Graduate Professional,6,,,0,Apple,581865,4635,586500,34.72,26.55,35.12,1670148,1689138,2208630
KAILASH CHOUDHARY,Rajasthan,BARMER,BJP,MALE,50,GENERAL,Graduate,1,7276934,0,0,Lotus,284527,2206,286733,16.98,12.98,17.17,1670148,1689138,2208630
TARARAM MEHNA,Rajasthan,BARMER,IND,MALE,54,ST,10th Pass,2,17257000,1500000,0,Almirah,49768,189,49957,2.96,2.26,2.99,1670148,1689138,2208630
MOTI LAL,Rajasthan,JALORE,ASPKR,MALE,39,SC,Graduate,2,39000,0,0,Kettle,4579,7,4586,0.32,0.2,0.32,1432667,1451531,2297692
FOJARAM,Rajasthan,JALORE,IPGP,MALE,46,ST,8th Pass,1,,,0,Pot,1493,4,1497,0.1,0.07,0.1,1432667,1451531,2297692
RAJ KUMAR ROAT,Rajasthan,BANSWARA,BHRTADVSIP,MALE,31,ST,Graduate Professional,1,11731679,2971833,1,Hockey and ball,815430,5401,820831,50.14,37.3,50.8,1615882,1637022,2200607
BHIL ADIVASI MANGILAL NANAMA,Rajasthan,CHITTORGARH,BHRTADVSIP,MALE,39,ST,Post Graduate,3,,,0,Hockey and ball,42243,568,42811,2.85,1.97,2.87,1493143,1499596,2170738
DAMODAR AGARWAL,Rajasthan,BHILWARA,BJP,MALE,68,GENERAL,Post Graduate,1,71392415,3320600,1,Lotus,803193,4447,807640,61.88,37.59,62.56,1291019,1305144,2148657
RAJESH PATNI,Rajasthan,BHILWARA,IND,MALE,45,GENERAL,12th Pass,1,12095268,3700000,0,Room cooler,8013,5,8018,0.61,0.37,0.62,1291019,1305144,2148657
NARAYAN LAL JAT,Rajasthan,BHILWARA,IND,MALE,27,GENERAL,Graduate Professional,1,,,0,Flute,1643,41,1684,0.13,0.08,0.13,1291019,1305144,2148657
BALDEV SINGH FOJI,Rajasthan,KOTA,BHRJWNKP,MALE,73,GENERAL,Graduate,1,9097700,402000,0,Gift pack,1066,3,1069,0.07,0.05,0.07,1489896,1500959,2088853
KAMAL KUMAR BAIRWA,Rajasthan,KOTA,IND,MALE,27,SC,10th Pass,1,25000,0,0,Apple,965,49,1014,0.07,0.05,0.07,1489896,1500959,2088853
RAVI RAJ SINGH,Rajasthan,JHALAWAR-BARAN,IND,MALE,26,GENERAL,12th Pass,1,1976325,315127,0,Apple,10231,43,10274,0.72,0.51,0.73,1405304,1422157,2030974
R.C. PAUL KANAGARAJ,Tamil Nadu,CHENNAI NORTH,BJP,MALE,59,GENERAL,Graduate Professional,1,169270634,62026400,0,Lotus,112628,690,113318,12.55,7.57,12.74,889281,902753,1496459
DAYANIDHI MARAN,Tamil Nadu,CHENNAI CENTRAL,DMK,MALE,57,GENERAL,Graduate,4,170770037,0,1,Rising sun,412286,1562,413848,56.56,30.65,57.53,719386,731710,1350334
VINOJ,Tamil Nadu,CHENNAI CENTRAL,BJP,MALE,37,GENERAL,Graduate Professional,14,319589737,155055585,0,Lotus,168059,1100,169159,23.12,12.53,23.51,719386,731710,1350334
B. PARTHASARATHY,Tamil Nadu,CHENNAI CENTRAL,DMDK,MALE,58,GENERAL,10th Pass,3,19950375,1659676,0,Nagara,71772,244,72016,9.84,5.33,10.01,719386,731710,1350334
DILAVAR ALI,Tamil Nadu,CHENNAI CENTRAL,TPSTP,MALE,49,GENERAL,Graduate,1,,,0,Battery Torch,2536,10,2546,0.35,0.19,0.35,719386,731710,1350334
C.S.KARNAN,Tamil Nadu,CHENNAI CENTRAL,ACDP,MALE,67,SC,Graduate Professional,2,660000,920000,0,Jackfruit,750,11,761,0.1,0.06,0.11,719386,731710,1350334
M.NAGARAJ,Tamil Nadu,CHENNAI CENTRAL,IND,MALE,30,GENERAL,Graduate Professional,1,3221200,1700000,0,Ring,254,0,254,0.03,0.02,0.04,719386,731710,1350334
G PREMKUMAR,Tamil Nadu,SRIPERUMBUDUR,ADMK,MALE,34,GENERAL,Post Graduate,1,,,0,Two leaves,270549,1033,271582,18.84,11.4,19.2,1414485,1441382,2382578
SANTHOSH KUMAR. V,Tamil Nadu,KANCHEEPURAM,NTK,MALE,41,SC,Graduate Professional,1,,,0,Mike,109858,414,110272,8.75,6.3,8.87,1242613,1260679,1749192
S JAGATHRATCHAKAN,Tamil Nadu,ARAKKONAM,DMK,MALE,76,GENERAL,10th Pass,2,534587828,6495000000,1,Rising sun,560578,2638,563216,48.14,35.92,48.92,1151209,1170057,1568140
K BALU,Tamil Nadu,ARAKKONAM,PMK,MALE,53,GENERAL,Graduate Professional,1,79223947,10700940,0,Mango,200614,1711,202325,17.29,12.9,17.58,1151209,1170057,1568140
V KRISHNANANDAN,Tamil Nadu,ARAKKONAM,AMGRDMK,MALE,42,SC,Graduate Professional,1,175000,0,0,Pan,568,14,582,0.05,0.04,0.05,1151209,1170057,1568140
DM KATHIR ANAND,Tamil Nadu,VELLORE,DMK,MALE,48,GENERAL,Post Graduate,5,,,1,Rising sun,566435,2257,568692,50.25,37.06,50.74,1120722,1131837,1534347
MANSOOR ALI KHAN,Tamil Nadu,VELLORE,IND,MALE,61,GENERAL,Graduate Professional,1,,,0,Jackfruit,2769,35,2804,0.25,0.18,0.25,1120722,1131837,1534347
D SARAVANAN,Tamil Nadu,VELLORE,IND,MALE,36,GENERAL,Graduate Professional,1,432000,0,0,Trumpet,1497,0,1497,0.13,0.1,0.13,1120722,1131837,1534347
B JAGAN,Tamil Nadu,VELLORE,IND,MALE,30,GENERAL,Graduate,1,795000,0,0,Coconut farm,282,3,285,0.03,0.02,0.03,1120722,1131837,1534347
VIDHYA RANI,Tamil Nadu,KRISHNAGIRI,NTK,FEMALE,33,GENERAL,12th Pass,1,,,0,Mike,106260,823,107083,9.17,6.58,9.27,1155174,1167451,1627851
SRINIVASAN K,Tamil Nadu,KRISHNAGIRI,IND,MALE,58,GENERAL,8th Pass,1,321800,0,0,Auto- rickshaw,1619,2,1621,0.14,0.1,0.14,1155174,1167451,1627851
VENKATESHKUMAR M,Tamil Nadu,KRISHNAGIRI,IND,MALE,36,GENERAL,Graduate Professional,1,,,0,Pressure cooker,1585,5,1590,0.14,0.1,0.14,1155174,1167451,1627851
CHANDRAMOHAN K.M.,Tamil Nadu,KRISHNAGIRI,IND,MALE,53,GENERAL,8th Pass,1,1081098,0,0,Gas cylinder,789,3,792,0.07,0.05,0.07,1155174,1167451,1627851
MANI. A.,Tamil Nadu,DHARMAPURI,DMK,MALE,55,GENERAL,Graduate Professional,1,86564403,21287262,1,Rising sun,429301,3366,432667,34.63,28.34,34.93,1238634,1249271,1526799
"GAJENDRAN, G.V.",Tamil Nadu,ARANI,ADMK,MALE,41,GENERAL,Graduate,1,,,0,Two leaves,289650,1683,291333,25.54,19.43,25.76,1131073,1140690,1499659
KALANCHIYAM. M,Tamil Nadu,VILUPPURAM,NTK,MALE,56,SC,Graduate,2,2850000,0,0,Mike,56766,476,57242,4.94,3.81,5,1143701,1159452,1503959
MALAIYARASAN D,Tamil Nadu,KALLAKURICHI,DMK,MALE,48,GENERAL,Post Graduate,4,,,1,Rising sun,558346,3243,561589,44.89,35.79,45.25,1241036,1251018,1569097
KUMARAGURU R,Tamil Nadu,KALLAKURICHI,ADMK,MALE,62,GENERAL,10th Pass,6,38588464,3037754,0,Two leaves,505577,2228,507805,40.59,32.36,40.92,1241036,1251018,1569097
JAGADESAN A,Tamil Nadu,KALLAKURICHI,NTK,MALE,51,GENERAL,Graduate,1,,,0,Mike,73098,554,73652,5.89,4.69,5.93,1241036,1251018,1569097
DEVADASS RAMASAMY,Tamil Nadu,KALLAKURICHI,PMK,MALE,71,GENERAL,Graduate Professional,1,60828616,2124313,0,Mango,70633,657,71290,5.7,4.54,5.74,1241036,1251018,1569097
SELVAGANAPATHI T M,Tamil Nadu,SALEM,DMK,MALE,65,GENERAL,Post Graduate,1,754021976,261456676,1,Rising sun,562022,4063,566085,43.3,34.12,43.88,1289950,1307379,1659269
ANNADURAI N,Tamil Nadu,SALEM,PMK,MALE,54,GENERAL,Graduate Professional,2,30873526,13648790,0,Mango,125829,1310,127139,9.72,7.66,9.86,1289950,1307379,1659269
RAJA A,Tamil Nadu,SALEM,IND,MALE,56,SC,Graduate Professional,7,,,1,Ring,329,3,332,0.03,0.02,0.03,1289950,1307379,1659269
MATHESWARAN V S,Tamil Nadu,NAMAKKAL,DMK,MALE,51,GENERAL,10th Pass,3,47297973,5039079,1,Rising sun,457695,4341,462036,40.26,31.8,40.77,1133319,1147497,1452952
DR RAMALINGAM K P,Tamil Nadu,NAMAKKAL,BJP,MALE,69,GENERAL,Graduate,1,,,0,Lotus,103577,1113,104690,9.12,7.21,9.24,1133319,1147497,1452952
SATHEESH G,Tamil Nadu,NAMAKKAL,IND,MALE,35,GENERAL,Graduate,1,4052782,2464346,0,Bat,1284,8,1292,0.11,0.09,0.11,1133319,1147497,1452952
MOORTHI J,Tamil Nadu,NAMAKKAL,IND,MALE,66,SC,5th Pass,1,,,0,Helmet,385,4,389,0.03,0.03,0.03,1133319,1147497,1452952
ASHOK KUMAR,Tamil Nadu,ERODE,ADMK,MALE,53,GENERAL,Post Graduate,1,,,0,Two leaves,323751,2022,325773,29.77,21.17,30.18,1079440,1094366,1538960
ASHOK KUMAR,Tamil Nadu,ERODE,ADMK,MALE,53,GENERAL,Graduate,2,15929248,0,0,Two leaves,323751,2022,325773,29.77,21.17,30.18,1079440,1094366,1538960
"MURUGANANDAM, A.P.",Tamil Nadu,TIRUPPUR,BJP,MALE,48,GENERAL,Post Graduate,5,,,0,Lotus,184066,1256,185322,16.2,11.52,16.48,1124812,1143624,1608720
RAJA A,Tamil Nadu,NILGIRIS,DMK,MALE,60,SC,Graduate Professional,7,,,1,Rising sun,470729,2483,473212,46.39,33.12,47.04,1005906,1020085,1428889
DR MURUGAN L,Tamil Nadu,NILGIRIS,BJP,MALE,46,SC,Doctorate,23,,,0,Lotus,231111,1516,232627,22.8,16.28,23.13,1005906,1020085,1428889
GANAPATHY RAJKUMAR P,Tamil Nadu,COIMBATORE,DMK,MALE,58,GENERAL,Doctorate,1,,,1,Rising sun,565428,2772,568200,41.35,26.97,41.75,1361045,1374127,2106500
ANNAMALAI K,Tamil Nadu,COIMBATORE,BJP,MALE,39,GENERAL,Post Graduate,26,40726627,0,0,Lotus,447608,2524,450132,32.76,21.37,33.07,1361045,1374127,2106500
ANNADURAI R,Tamil Nadu,COIMBATORE,IND,MALE,50,SC,Illiterate,1,,,0,Battery Torch,1767,5,1772,0.13,0.08,0.13,1361045,1374127,2106500
RAGHUL GANDHI K,Tamil Nadu,COIMBATORE,HJP,MALE,34,GENERAL,10th Pass,1,300140,62000,0,Pen nib with seven rays,1170,6,1176,0.09,0.06,0.09,1361045,1374127,2106500
PREMKUMAR P,Tamil Nadu,COIMBATORE,IND,MALE,35,SC,5th Pass,1,51074,136984,0,Ring,281,2,283,0.02,0.01,0.02,1361045,1374127,2106500
ESWARASAMY K,Tamil Nadu,POLLACHI,DMK,MALE,47,GENERAL,10th Pass,1,345276957,94557521,1,Rising sun,530742,2635,533377,47.25,33.38,47.99,1111542,1128822,1597717
VASANTHARAJAN K,Tamil Nadu,POLLACHI,BJP,MALE,44,GENERAL,Post Graduate,5,,,0,Lotus,221945,1409,223354,19.79,13.98,20.09,1111542,1128822,1597717
PRAKASH P,Tamil Nadu,POLLACHI,IND,MALE,35,GENERAL,Graduate Professional,1,988000,858667,0,Ganna kisan,2834,17,2851,0.25,0.18,0.26,1111542,1128822,1597717
ESWARASAMY K,Tamil Nadu,POLLACHI,IND,MALE,59,GENERAL,10th Pass,1,345276957,94557521,1,Pen nib with seven rays,1775,15,1790,0.16,0.11,0.16,1111542,1128822,1597717
SACHITHANANTHAM R,Tamil Nadu,DINDIGUL,CPI(M),MALE,53,GENERAL,Graduate,9,2597479,785694,1,"Hammer, Sickle and Star",667391,2758,670149,58.25,41.66,59.44,1127501,1150445,1608624
MOHAMED MUBARAK M A,Tamil Nadu,DINDIGUL,ADMK,MALE,44,GENERAL,Post Graduate,1,,,0,Two leaves,225492,836,226328,19.67,14.07,20.07,1127501,1150445,1608624
THILGABAMA M,Tamil Nadu,DINDIGUL,PMK,FEMALE,54,GENERAL,Graduate,3,94118896,47942103,0,Mango,111013,1490,112503,9.78,6.99,9.98,1127501,1150445,1608624
MURUGESAN (A) VISHNU MURUGESAN C,Tamil Nadu,DINDIGUL,IND,MALE,46,SC,12th Pass,5,365000,0,0,Television,2004,4,2008,0.17,0.12,0.18,1127501,1150445,1608624
SABARINATH S,Tamil Nadu,DINDIGUL,IND,MALE,29,GENERAL,Graduate,1,197000,0,0,Ship,1001,10,1011,0.09,0.06,0.09,1127501,1150445,1608624
JOTHIMANI. S,Tamil Nadu,KARUR,INC,FEMALE,48,GENERAL,Post Graduate,1,,,1,Hand,531829,3077,534906,47.21,37.39,47.6,1123770,1133069,1430499
SENTHILNATHAN. V.V,Tamil Nadu,KARUR,BJP,MALE,42,GENERAL,Graduate,5,111806282,13500000,0,Lotus,101517,965,102482,9.04,7.16,9.12,1123770,1133069,1430499
JOTHIMANI. S,Tamil Nadu,KARUR,IND,FEMALE,33,GENERAL,Post Graduate,1,,,1,Auto- rickshaw,774,6,780,0.07,0.05,0.07,1123770,1133069,1430499
VINCENT. F,Tamil Nadu,KARUR,ACDP,MALE,49,GENERAL,Illiterate,3,10000,0,0,Jackfruit,510,5,515,0.05,0.04,0.05,1123770,1133069,1430499
UMADEVI. S,Tamil Nadu,KARUR,IND,FEMALE,43,GENERAL,Graduate Professional,4,1834000,764000,0,Mixee,452,1,453,0.04,0.03,0.04,1123770,1133069,1430499
ANAND SELVARAJ,Tamil Nadu,TIRUCHIRAPPALLI,IND,MALE,35,GENERAL,Post Graduate,1,1210000,0,0,CCTV Camera,1172,6,1178,0.11,0.08,0.11,1042115,1056843,1554620
AMBIVENKATESAN,Tamil Nadu,TIRUCHIRAPPALLI,IND,MALE,37,GENERAL,8th Pass,1,,,0,Ship,972,6,978,0.09,0.06,0.09,1042115,1056843,1554620
M.K. VISHNUPRASAD,Tamil Nadu,CUDDALORE,INC,MALE,51,GENERAL,Graduate Professional,1,,,1,Hand,450401,4652,455053,43.87,32.2,44.43,1024271,1037351,1413170
P. SIVAKOZHUNDU,Tamil Nadu,CUDDALORE,DMDK,MALE,58,GENERAL,5th Pass,1,8408000,2000000,0,Nagara,267707,1450,269157,25.95,19.05,26.28,1024271,1037351,1413170
THIRUMAAVALAVAN THOL,Tamil Nadu,CHIDAMBARAM,VCK,MALE,61,SC,Doctorate,7,,,1,Pot,501851,3233,505084,43.14,33.21,43.61,1158310,1170701,1520970
PERUMAL S,Tamil Nadu,CHIDAMBARAM,IND,MALE,40,SC,10th Pass,2,601000,0,0,Funnel,2231,8,2239,0.19,0.15,0.19,1158310,1170701,1520970
SUDHA R,Tamil Nadu,MAYILADUTHURAI,INC,FEMALE,46,GENERAL,Post Graduate,10,,,1,Hand,516534,1925,518459,47.65,33.53,48.05,1079013,1088164,1546075
STALIN M K,Tamil Nadu,MAYILADUTHURAI,PMK,MALE,53,GENERAL,Graduate,12,,,0,Mango,165770,667,166437,15.3,10.77,15.42,1079013,1088164,1546075
KALIYAMMAL P,Tamil Nadu,MAYILADUTHURAI,NTK,FEMALE,38,GENERAL,Graduate,2,1809063,560000,0,Mike,127276,366,127642,11.73,8.26,11.83,1079013,1088164,1546075
SILAMBARASAN D,Tamil Nadu,MAYILADUTHURAI,IND,MALE,33,SC,Graduate Professional,2,,,0,Stethoscope,1255,1,1256,0.12,0.08,0.12,1079013,1088164,1546075
JAFARULLAH KHAN F,Tamil Nadu,MAYILADUTHURAI,IND,MALE,53,GENERAL,10th Pass,1,33202255,90000,0,Jackfruit,1230,6,1236,0.11,0.08,0.11,1079013,1088164,1546075
SELVARAJ V,Tamil Nadu,NAGAPATTINAM,CPI,MALE,62,SC,Post Graduate,1,,,1,Ears of corn and sickle,462759,2285,465044,47.76,34.56,48.24,964093,973773,1345708
KARTHIKA M,Tamil Nadu,NAGAPATTINAM,NTK,FEMALE,34,SC,Graduate Professional,1,,,0,Mike,130846,448,131294,13.48,9.76,13.62,964093,973773,1345708
VIJAYARAGAVAN N,Tamil Nadu,NAGAPATTINAM,IND,MALE,38,SC,Graduate,2,,,0,Pot,3072,30,3102,0.32,0.23,0.32,964093,973773,1345708
MURASOLI S,Tamil Nadu,THANJAVUR,DMK,MALE,46,GENERAL,Graduate Professional,6,,,1,Rising sun,498822,3423,502245,48.7,33.44,49.44,1015873,1031294,1502056
MURUGANANTHAM M,Tamil Nadu,THANJAVUR,BJP,MALE,50,GENERAL,8th Pass,32,22904971,5160020,0,Lotus,169587,1026,170613,16.54,11.36,16.79,1015873,1031294,1502056
HUMAYUN KABIR,Tamil Nadu,THANJAVUR,NTK,MALE,56,GENERAL,Graduate,1,20476000,5000000,0,Mike,119683,610,120293,11.66,8.01,11.84,1015873,1031294,1502056
SENTHIL KUMAR N,Tamil Nadu,THANJAVUR,IND,MALE,50,GENERAL,12th Pass,1,7931533,2275000,0,Ship,4133,25,4158,0.4,0.28,0.41,1015873,1031294,1502056
KARIKALA CHOLAN S,Tamil Nadu,THANJAVUR,IND,MALE,40,GENERAL,Graduate Professional,1,4787754,80000,0,Fountain,1209,8,1217,0.12,0.08,0.12,1015873,1031294,1502056
KARTI P CHIDAMBARAM,Tamil Nadu,SIVAGANGA,INC,MALE,52,GENERAL,Graduate Professional,11,962744048,234850274,1,Hand,425631,2046,427677,40.46,26.15,40.92,1045230,1057025,1635655
XAVIERDASS A,Tamil Nadu,SIVAGANGA,ADMK,MALE,48,GENERAL,10th Pass,1,,,0,Two leaves,221255,758,222013,21,13.57,21.24,1045230,1057025,1635655
DHEVANATHAN YADAV T,Tamil Nadu,SIVAGANGA,BJP,MALE,63,GENERAL,Doctorate,4,,,0,Lotus,194559,1229,195788,18.52,11.97,18.73,1045230,1057025,1635655
SEKAR A,Tamil Nadu,SIVAGANGA,IND,MALE,51,SC,10th Pass,1,2045000,1000000,0,Coconut farm,1285,7,1292,0.12,0.08,0.12,1045230,1057025,1635655
VENKATESAN S,Tamil Nadu,MADURAI,CPI(M),MALE,54,GENERAL,12th Pass,3,20536639,0,1,"Hammer, Sickle and Star",428201,2122,430323,43.55,27.18,44.1,975795,988216,1583250
RAAMA SREENIVASAN,Tamil Nadu,MADURAI,BJP,MALE,59,GENERAL,Doctorate,1,35022298,0,0,Lotus,219035,1879,220914,22.35,13.95,22.64,975795,988216,1583250
SARAVANAN P,Tamil Nadu,MADURAI,ADMK,MALE,54,GENERAL,Graduate Professional,1,183401717,15296130,0,Two leaves,204163,641,204804,20.72,12.94,20.99,975795,988216,1583250
VELMURUGAN A,Tamil Nadu,MADURAI,BHRTPRJAIK,MALE,31,GENERAL,Graduate Professional,1,812360,0,0,Ganna kisan,5966,43,6009,0.61,0.38,0.62,975795,988216,1583250
THANGA TAMILSELVAN,Tamil Nadu,THENI,DMK,MALE,63,GENERAL,Post Graduate,17,49850594,0,1,Rising sun,569110,2383,571493,49.99,35.05,50.58,1129883,1143159,1630328
TTV DHINAKARAN,Tamil Nadu,THENI,AMMKMNKZ,MALE,60,GENERAL,12th Pass,6,49531806,283212989,0,Pressure cooker,289909,2759,292668,25.6,17.95,25.9,1129883,1143159,1630328
MADHAN,Tamil Nadu,THENI,NTK,MALE,45,GENERAL,Post Graduate,2,,,0,Mike,75495,1339,76834,6.72,4.71,6.8,1129883,1143159,1630328
PRAKASH P,Tamil Nadu,THENI,IND,MALE,40,SC,Graduate Professional,1,988000,858667,0,Whistle,6293,5,6298,0.55,0.39,0.56,1129883,1143159,1630328
PANDIKUMAR S,Tamil Nadu,THENI,IND,MALE,36,SC,Post Graduate,2,1114000,496188,0,Ganna kisan,3907,60,3967,0.35,0.24,0.35,1129883,1143159,1630328
PARAMASIVAN S,Tamil Nadu,THENI,IND,MALE,35,GENERAL,Graduate Professional,3,,,0,Ship,2852,14,2866,0.25,0.18,0.25,1129883,1143159,1630328
AATHIMUTHUKUMAR M,Tamil Nadu,THENI,IND,MALE,32,GENERAL,5th Pass,2,5292229,0,0,Auto- rickshaw,587,5,592,0.05,0.04,0.05,1129883,1143159,1630328
HARIKRISHNAKUMAR R,Tamil Nadu,THENI,IND,MALE,29,SC,Graduate Professional,1,46000,0,0,Black board,481,5,486,0.04,0.03,0.04,1129883,1143159,1630328
MANICKAM TAGORE B,Tamil Nadu,VIRUDHUNAGAR,INC,MALE,49,GENERAL,Graduate Professional,1,,,1,Hand,382876,2380,385256,36.18,25.58,36.6,1052493,1064918,1505927
PANNEERSELVAM O S/O OTTAKARATHEVAR,Tamil Nadu,RAMANATHAPURAM,IND,MALE,74,GENERAL,12th Pass,5,60171092,15285226,0,Jackfruit,340778,2104,342882,30.86,21.17,31.07,1103558,1111264,1619761
SENTHILMALLAR K,Tamil Nadu,RAMANATHAPURAM,IND,MALE,45,SC,Post Graduate,1,,,0,Bicycle pump,6629,198,6827,0.61,0.42,0.62,1103558,1111264,1619761
PANNERSELVAM O S/O OCHATTHEVAR,Tamil Nadu,RAMANATHAPURAM,IND,MALE,61,GENERAL,Illiterate,1,,,0,Bucket,564,8,572,0.05,0.04,0.05,1103558,1111264,1619761
KANIMOZHI KARUNANIDHI,Tamil Nadu,THOOTHUKKUDI,DMK,FEMALE,56,GENERAL,Graduate,2,604056590,6060187,1,Rising sun,537879,2850,540729,55.12,37.01,55.82,968720,981034,1461182
SIVASAMY VELUMANI R,Tamil Nadu,THOOTHUKKUDI,ADMK,MALE,42,GENERAL,5th Pass,1,232319450,103980280,0,Two leaves,147407,584,147991,15.09,10.13,15.28,968720,981034,1461182
ARUNADEVI R,Tamil Nadu,THOOTHUKKUDI,IND,FEMALE,38,SC,Graduate,1,5041961,51239,0,Ganna kisan,6029,43,6072,0.62,0.42,0.63,968720,981034,1461182
CHITHIRAI JEGAN S,Tamil Nadu,THOOTHUKKUDI,IND,MALE,37,GENERAL,10th Pass,3,146600,83872,0,Coconut farm,3637,3,3640,0.37,0.25,0.38,968720,981034,1461182
GANDHIMALLAR S M,Tamil Nadu,THOOTHUKKUDI,IND,MALE,54,SC,10th Pass,3,,,0,Mixee,791,14,805,0.08,0.06,0.08,968720,981034,1461182
BISHOP DR GODFREY NOBLE,Tamil Nadu,THOOTHUKKUDI,AJPK,MALE,53,GENERAL,Doctorate,7,,,0,Auto- rickshaw,757,12,769,0.08,0.05,0.08,968720,981034,1461182
ESAKKIMUTHU V,Tamil Nadu,THOOTHUKKUDI,IND,MALE,43,GENERAL,8th Pass,1,,,0,Jackfruit,699,11,710,0.07,0.05,0.07,968720,981034,1461182
PRASANNA KUMAR M,Tamil Nadu,THOOTHUKKUDI,IND,MALE,33,GENERAL,10th Pass,3,141942,0,0,Truck,396,0,396,0.04,0.03,0.04,968720,981034,1461182
DR K KRISHNASAMY,Tamil Nadu,TENKASI,ADMK,MALE,72,SC,Post Graduate,5,257414740,37760259,0,Two leaves,228290,1190,229480,22.05,15.01,22.46,1021954,1040936,1529130
B JOHN PANDIAN,Tamil Nadu,TENKASI,BJP,MALE,68,SC,Post Graduate,1,,,0,Lotus,206982,1843,208825,20.06,13.66,20.43,1021954,1040936,1529130
ESAI MATHIVANAN,Tamil Nadu,TENKASI,NTK,MALE,37,SC,Graduate Professional,9,388997,112000,0,Mike,128750,1585,130335,12.52,8.52,12.75,1021954,1040936,1529130
ROBERT BRUCE C,Tamil Nadu,TIRUNELVELI,INC,MALE,62,GENERAL,Post Graduate,1,,,1,Hand,499493,2803,502296,46.98,30.33,47.38,1060052,1069236,1656265
NAINAR NAGENTHRAN,Tamil Nadu,TIRUNELVELI,BJP,MALE,63,GENERAL,Post Graduate,1,319406949,51383504,0,Lotus,334431,2245,336676,31.49,20.33,31.76,1060052,1069236,1656265
SATHYA,Tamil Nadu,TIRUNELVELI,NTK,FEMALE,46,GENERAL,Graduate,2,9729065,0,0,Mike,86918,768,87686,8.2,5.29,8.27,1060052,1069236,1656265
POTTAL SUNDARA MUNISWARAN,Tamil Nadu,TIRUNELVELI,IND,MALE,43,GENERAL,12th Pass,6,,,0,Baby walker,19802,50,19852,1.86,1.2,1.87,1060052,1069236,1656265
ATHISAYAM V,Tamil Nadu,TIRUNELVELI,IND,MALE,49,SC,8th Pass,10,400500,0,0,Television,3744,37,3781,0.35,0.23,0.36,1060052,1069236,1656265
BISHOP DR GODFREY WASHINGTON NOBLE,Tamil Nadu,TIRUNELVELI,AJPK,MALE,53,GENERAL,Doctorate,7,171368500,2100000,0,Auto- rickshaw,1457,18,1475,0.14,0.09,0.14,1060052,1069236,1656265
LENIN K,Tamil Nadu,TIRUNELVELI,IND,MALE,36,SC,Post Graduate,11,1624395,200000,0,Ring,1441,9,1450,0.14,0.09,0.14,1060052,1069236,1656265
KUMAR V,Tamil Nadu,TIRUNELVELI,PMTDK,MALE,39,GENERAL,8th Pass,1,,,0,Chappals,1057,15,1072,0.1,0.06,0.1,1060052,1069236,1656265
SEVAL KANNAN B ADVOCATE,Tamil Nadu,TIRUNELVELI,IND,MALE,32,GENERAL,Graduate Professional,1,,,0,Almirah,622,14,636,0.06,0.04,0.06,1060052,1069236,1656265
RAGHAVAN C M,Tamil Nadu,TIRUNELVELI,IND,MALE,49,SC,Graduate,2,,,0,Bucket,364,2,366,0.03,0.02,0.03,1060052,1069236,1656265
BALASUBRAMANIAN T,Tamil Nadu,KANNIYAKUMARI,IND,MALE,54,GENERAL,Post Graduate,14,2635000,0,0,Flute,2047,25,2072,0.2,0.13,0.2,1025299,1035739,1566048
SATHISH BABU P,Tamil Nadu,KANNIYAKUMARI,IND,MALE,46,GENERAL,Others,1,,,0,Grapes,747,1,748,0.07,0.05,0.07,1025299,1035739,1566048
RAMESHKUMAR J L,Tamil Nadu,KANNIYAKUMARI,IND,MALE,34,GENERAL,10th Pass,2,703000,0,0,Helmet,464,1,465,0.04,0.03,0.05,1025299,1035739,1566048
AYYAPPAN V,Tamil Nadu,KANNIYAKUMARI,IND,MALE,37,GENERAL,Graduate Professional,7,7446969,0,0,Pot,358,15,373,0.04,0.02,0.04,1025299,1035739,1566048
BALARAM DEBBARMA,Tripura,Tripura West,IND,MALE,49,ST,8th Pass,1,10000,0,0,Whistle,4356,123,4479,0.37,0.3,0.37,1195197,1212774,1469453
IMRAN MASOOD,Uttar Pradesh,Saharanpur,INC,MALE,53,GENERAL,12th Pass,8,55502166,0,1,Hand,547383,584,547967,44.54,29.5,44.74,1224889,1230347,1857816
MAJID ALI,Uttar Pradesh,Saharanpur,BSP,MALE,60,GENERAL,Literate,6,1595900079,61026227,0,Elephant,179994,359,180353,14.66,9.71,14.72,1224889,1230347,1857816
SHABNAM,Uttar Pradesh,Saharanpur,IND,FEMALE,33,GENERAL,Graduate,1,,,0,Auto- rickshaw,2370,3,2373,0.19,0.13,0.19,1224889,1230347,1857816
TASMEEM BANO,Uttar Pradesh,Saharanpur,IND,FEMALE,53,GENERAL,Literate,1,789906771,61026227,0,Cauliflower,883,2,885,0.07,0.05,0.07,1224889,1230347,1857816
PRADEEP KUMAR,Uttar Pradesh,Kairana,BJP,MALE,53,GENERAL,Post Graduate,5,25564752,1218681,0,Lotus,456075,2822,458897,42.49,26.56,42.63,1076557,1080035,1727579
JAHID,Uttar Pradesh,Kairana,SDPI,MALE,40,GENERAL,Literate,1,645800,0,0,Auto- rickshaw,3316,4,3320,0.31,0.19,0.31,1076557,1080035,1727579
HARENDRA SINGH MALIK,Uttar Pradesh,Muzaffarnagar,SP,MALE,69,GENERAL,Graduate,1,90780765,1129635,1,Bicycle,469804,917,470721,43.63,25.81,43.8,1074753,1078915,1823717
SANJEEV KUMAR BALYAN,Uttar Pradesh,Muzaffarnagar,BJP,MALE,51,GENERAL,Doctorate,2,,,0,Lotus,443815,2234,446049,41.34,24.46,41.5,1074753,1078915,1823717
DARA SINGH PRAJAPATI,Uttar Pradesh,Muzaffarnagar,BSP,MALE,55,GENERAL,10th Pass,4,217777737,80994983,0,Elephant,143323,384,143707,13.32,7.88,13.37,1074753,1078915,1823717
NEEL KUMAR,Uttar Pradesh,Muzaffarnagar,JAISMP,MALE,35,SC,Post Graduate,1,1587500,0,0,Gas cylinder,858,3,861,0.08,0.05,0.08,1074753,1078915,1823717
CHANDAN CHAUHAN,Uttar Pradesh,Bijnor,RLD,MALE,35,GENERAL,Graduate Professional,3,78426582,2572810,1,Hand pump,402604,1889,404493,39.47,23.2,39.66,1019986,1024843,1743213
VIJENDER SINGH,Uttar Pradesh,Bijnor,BSP,MALE,45,GENERAL,10th Pass,9,283729274,50000000,0,Elephant,218294,692,218986,21.37,12.56,21.47,1019986,1024843,1743213
ABDUL BARI,Uttar Pradesh,Bijnor,JAISMP,MALE,45,GENERAL,Doctorate,1,5063000,2000000,0,Gas cylinder,8046,26,8072,0.79,0.46,0.79,1019986,1024843,1743213
DEEPAK KUMAR,Uttar Pradesh,Bijnor,IND,MALE,46,GENERAL,Graduate,1,17489137,2932060,0,Ganna kisan,7284,34,7318,0.71,0.42,0.72,1019986,1024843,1743213
ZAHEER,Uttar Pradesh,Bijnor,IND,MALE,52,GENERAL,Illiterate,2,,,0,Sewing machine,2780,8,2788,0.27,0.16,0.27,1019986,1024843,1743213
CHANDRASHEKHAR,Uttar Pradesh,Nagina,ASPKR,MALE,36,SC,Graduate Professional,36,3986581,0,1,Kettle,511812,740,512552,51.18,31.11,51.46,995996,1001499,1647310
MANOJ KUMAR,Uttar Pradesh,Nagina,SP,MALE,45,SC,Post Graduate,2,16260000,0,1,Bicycle,102104,270,102374,10.22,6.21,10.28,995996,1001499,1647310
MANOJ KUMAR,Uttar Pradesh,Nagina,SP,MALE,45,SC,12th Pass,1,720227,500000,1,Bicycle,102104,270,102374,10.22,6.21,10.28,995996,1001499,1647310
MANOJ KUMAR,Uttar Pradesh,Nagina,SP,MALE,45,SC,12th Pass,2,,,1,Bicycle,102104,270,102374,10.22,6.21,10.28,995996,1001499,1647310
MANOJ KUMAR,Uttar Pradesh,Nagina,SP,MALE,45,SC,Graduate,1,32491416,2400000,1,Bicycle,102104,270,102374,10.22,6.21,10.28,995996,1001499,1647310
SANJEEV KUMAR,Uttar Pradesh,Nagina,IND,MALE,45,SC,Post Graduate,2,164500,0,0,Almirah,2195,6,2201,0.22,0.13,0.22,995996,1001499,1647310
KUNWAR SARVESH KUMAR,Uttar Pradesh,Moradabad,BJP,MALE,72,GENERAL,10th Pass,2,,,0,Lotus,530176,1425,531601,41.41,25.77,41.62,1277361,1283812,2062642
MO IRFAN,Uttar Pradesh,Moradabad,BSP,MALE,46,GENERAL,Graduate,1,,,0,Elephant,92116,197,92313,7.19,4.48,7.23,1277361,1283812,2062642
MOHD JAMSHED,Uttar Pradesh,Moradabad,IND,MALE,38,GENERAL,Post Graduate,1,,,0,Ganna kisan,1717,2,1719,0.13,0.08,0.13,1277361,1283812,2062642
AMARJEET SINGH JATAV,Uttar Pradesh,Moradabad,IND,MALE,34,SC,Post Graduate,1,480000,0,0,Crane,937,15,952,0.07,0.05,0.07,1277361,1283812,2062642
MOHIBBULLAH,Uttar Pradesh,Rampur,SP,MALE,48,GENERAL,Post Graduate,3,4505342,0,1,Bicycle,481252,251,481503,49.7,27.78,50.03,962426,968791,1733243
ZEESHAN KHAN,Uttar Pradesh,Rampur,BSP,MALE,31,GENERAL,10th Pass,1,,,0,Elephant,79561,131,79692,8.23,4.6,8.28,962426,968791,1733243
ARSHAD WARSI,Uttar Pradesh,Rampur,MNDP,MALE,44,GENERAL,Literate,6,32506000,0,0,Crane,2919,8,2927,0.3,0.17,0.3,962426,968791,1733243
MEHMOOD PRACHA,Uttar Pradesh,Rampur,IND,MALE,59,GENERAL,Graduate,6,,,0,Rubber stamp,2750,9,2759,0.28,0.16,0.29,962426,968791,1733243
SHIV PRASAD,Uttar Pradesh,Rampur,IND,MALE,46,GENERAL,8th Pass,1,3280000,0,0,Bat,1465,11,1476,0.15,0.09,0.15,962426,968791,1733243
ZIA UR REHMAN,Uttar Pradesh,Sambhal,SP,MALE,35,GENERAL,Graduate Professional,6,18967476,0,1,Bicycle,570745,416,571161,47.77,30.07,48.09,1187766,1195706,1899292
CHAUDHARY SAULAT ALI,Uttar Pradesh,Sambhal,BSP,MALE,72,GENERAL,Graduate Professional,1,,,0,Elephant,152317,143,152460,12.75,8.03,12.84,1187766,1195706,1899292
SANTOSH,Uttar Pradesh,Sambhal,KTKD,MALE,40,GENERAL,8th Pass,2,,,0,Plate containing food,1201,3,1204,0.1,0.06,0.1,1187766,1195706,1899292
PAVAN KUMAR,Uttar Pradesh,Sambhal,LGP,MALE,43,GENERAL,12th Pass,3,80000,0,0,Box,636,1,637,0.05,0.03,0.05,1187766,1195706,1899292
KANWAR SINGH TANWAR,Uttar Pradesh,Amroha,BJP,MALE,63,GENERAL,8th Pass,1,2147933326,19897537,1,Lotus,475210,1296,476506,42.88,27.69,43.13,1104790,1111135,1720677
KUNWAR DANISH ALI,Uttar Pradesh,Amroha,INC,MALE,48,GENERAL,Post Graduate,1,106591116,0,0,Hand,447343,493,447836,40.3,26.03,40.54,1104790,1111135,1720677
MUJAHID HUSAIN,Uttar Pradesh,Amroha,BSP,MALE,59,GENERAL,Graduate,1,,,0,Elephant,163885,214,164099,14.77,9.54,14.85,1104790,1111135,1720677
SUNITA VERMA,Uttar Pradesh,Meerut,SP,FEMALE,47,GENERAL,10th Pass,1,90450909,6429591,0,Bicycle,535009,875,535884,45.28,26.72,45.5,1177703,1183456,2005669
HAJI AFZAL,Uttar Pradesh,Meerut,SACP,MALE,52,GENERAL,8th Pass,2,4915000,0,0,Whistle,2026,3,2029,0.17,0.1,0.17,1177703,1183456,2005669
DR RAJKUMAR SANGWAN,Uttar Pradesh,Baghpat,RLD,MALE,63,GENERAL,Doctorate,3,4799426,0,1,Hand pump,485765,3202,488967,52.31,29.36,52.65,928663,934744,1665208
AMARPAL,Uttar Pradesh,Baghpat,SP,MALE,56,GENERAL,12th Pass,9,396631454,1050000,0,Bicycle,328487,1021,329508,35.25,19.79,35.48,928663,934744,1665208
PRAVEEN BANSAL,Uttar Pradesh,Baghpat,BSP,MALE,43,GENERAL,Post Graduate,1,80198097,21522597,0,Elephant,91740,526,92266,9.87,5.54,9.94,928663,934744,1665208
DOLLY SHARMA,Uttar Pradesh,Ghaziabad,INC,FEMALE,40,GENERAL,Post Graduate,1,21379137,0,0,Hand,516699,506,517205,35.17,17.54,35.37,1462219,1470740,2948720
DR. MAHENDRA SINGH NAGAR,Uttar Pradesh,Gautam Buddha Nagar,SP,MALE,68,GENERAL,Graduate Professional,1,,,0,Bicycle,297697,660,298357,20.72,11.13,20.91,1426920,1440060,2681482
MAHKAR SINGH,Uttar Pradesh,Gautam Buddha Nagar,IND,MALE,54,GENERAL,5th Pass,2,,,0,Bucket,1118,6,1124,0.08,0.04,0.08,1426920,1440060,2681482
NARESH NAUTIYAL,Uttar Pradesh,Gautam Buddha Nagar,BRJ,MALE,54,GENERAL,Graduate,1,52205000,3500000,0,Battery Torch,931,10,941,0.07,0.04,0.07,1426920,1440060,2681482
DR BHOLA SINGH,Uttar Pradesh,Bulandshahr,BJP,MALE,46,SC,Graduate,1,,,1,Lotus,594040,3270,597310,56.54,31.98,57.02,1047474,1056357,1867981
RAJESH TUREHA,Uttar Pradesh,Bulandshahr,RKSYPP,MALE,58,SC,Illiterate,2,1297000,0,0,Plate containing food,4391,10,4401,0.42,0.24,0.42,1047474,1056357,1867981
PRADEEP KUMAR,Uttar Pradesh,Bulandshahr,IND,MALE,33,SC,Post Graduate,5,25564752,1218681,0,Crane,2547,16,2563,0.24,0.14,0.24,1047474,1056357,1867981
BIJENDRA SINGH,Uttar Pradesh,Aligarh,SP,MALE,67,GENERAL,Graduate,2,119229988,650000,0,Bicycle,485588,599,486187,42.67,24.27,43.09,1128432,1139422,2002868
HITENDRA KUMAR ALIAS BUNTY UPADHYAY,Uttar Pradesh,Aligarh,BSP,MALE,45,GENERAL,Graduate Professional,1,,,0,Elephant,123770,159,123929,10.88,6.19,10.98,1128432,1139422,2002868
KESHAV DEV ALIAS PANDIT KESHAV DEV GAUTAM,Uttar Pradesh,Aligarh,IND,MALE,48,GENERAL,Literate,5,964218,0,0,Chappals,1308,11,1319,0.12,0.07,0.12,1128432,1139422,2002868
RAJESH KUMAR,Uttar Pradesh,Aligarh,IND,MALE,46,GENERAL,12th Pass,1,9518000,0,0,Gas cylinder,1053,3,1056,0.09,0.05,0.09,1128432,1139422,2002868
RAJESH KUMAR,Uttar Pradesh,Aligarh,IND,MALE,46,GENERAL,12th Pass,5,8764850,0,0,Gas cylinder,1053,3,1056,0.09,0.05,0.09,1128432,1139422,2002868
RAJ KUMAR,Uttar Pradesh,Aligarh,RSOSP,MALE,40,GENERAL,12th Pass,1,,,0,Hockey and ball,407,5,412,0.04,0.02,0.04,1128432,1139422,2002868
RAJ KUMAR,Uttar Pradesh,Aligarh,RSOSP,MALE,40,GENERAL,10th Pass,3,13004000,0,0,Hockey and ball,407,5,412,0.04,0.02,0.04,1128432,1139422,2002868
ANOOP PRADHAN BALMIKI,Uttar Pradesh,Hathras,BJP,MALE,44,SC,12th Pass,1,,,1,Lotus,552334,2412,554746,51.2,28.5,51.54,1076421,1083446,1946138
JASVEER VALMIKI,Uttar Pradesh,Hathras,SP,MALE,49,SC,Literate,1,14507878,2243531,0,Bicycle,306637,791,307428,28.38,15.8,28.56,1076421,1083446,1946138
RAKESH KUMAR,Uttar Pradesh,Mathura,IND,MALE,40,GENERAL,12th Pass,5,5598600,600000,0,Coat,4492,2,4494,0.47,0.23,0.47,952483,957463,1939130
SHIKHA SHARMA,Uttar Pradesh,Mathura,IND,FEMALE,33,GENERAL,12th Pass,1,,,0,Camera,2246,5,2251,0.24,0.12,0.24,952483,957463,1939130
MONI FALHARI BAPU,Uttar Pradesh,Mathura,IND,MALE,71,GENERAL,Literate,1,150000,0,0,Auto- rickshaw,1322,4,1326,0.14,0.07,0.14,952483,957463,1939130
SURESH CHANDRA VAGHEL,Uttar Pradesh,Mathura,RSOSP,MALE,56,GENERAL,8th Pass,1,2405958,0,0,Ganna kisan,822,7,829,0.09,0.04,0.09,952483,957463,1939130
SURESH CHAND KARDAM,Uttar Pradesh,Agra,SP,MALE,63,SC,Illiterate,1,346396601,0,0,Bicycle,326644,1459,328103,29.15,15.81,29.38,1116765,1125376,2075821
AMBEDAKARI HASANURAM AMBEDAKARI,Uttar Pradesh,Agra,IND,MALE,69,SC,Literate,1,,,0,Crane,927,6,933,0.08,0.04,0.08,1116765,1125376,2075821
RAJKUMAR CHAHAR,Uttar Pradesh,Fatehpur Sikri,BJP,MALE,56,GENERAL,Graduate,2,34176612,1964321,1,Lotus,442862,2795,445657,43.07,24.66,43.42,1026362,1034638,1807314
RAMNATH SINGH SIKARWAR,Uttar Pradesh,Fatehpur Sikri,INC,MALE,55,GENERAL,Graduate,17,6992919,0,0,Hand,400572,1680,402252,38.88,22.26,39.19,1026362,1034638,1807314
DR RAMESHWAR SINGH,Uttar Pradesh,Fatehpur Sikri,IND,MALE,50,GENERAL,Doctorate,1,59104232,15552000,0,Cot,48301,305,48606,4.7,2.69,4.74,1026362,1034638,1807314
HOTAM SINGH NISHAD,Uttar Pradesh,Fatehpur Sikri,RSOSP,MALE,35,GENERAL,Graduate,4,13438133,382600,0,Hockey and ball,1805,5,1810,0.17,0.1,0.18,1026362,1034638,1807314
AKSHAYA YADAV,Uttar Pradesh,Firozabad,SP,MALE,37,GENERAL,Graduate Professional,3,1364348650,116561358,1,Bicycle,541861,1176,543037,48.98,28.64,49.28,1102017,1108735,1896052
VISHWADEEP SINGH,Uttar Pradesh,Firozabad,BJP,MALE,75,GENERAL,Post Graduate,1,115469473,4356778,0,Lotus,452946,779,453725,40.92,23.93,41.17,1102017,1108735,1896052
CHOWDHARY BASHEER,Uttar Pradesh,Firozabad,BSP,MALE,47,GENERAL,Literate,9,13064740,1798870,0,Elephant,90849,99,90948,8.2,4.8,8.25,1102017,1108735,1896052
RAJVEER,Uttar Pradesh,Firozabad,IND,MALE,57,GENERAL,10th Pass,1,,,0,Almirah,1367,13,1380,0.12,0.07,0.13,1102017,1108735,1896052
SUNIL KUMAR MISHRA,Uttar Pradesh,Mainpuri,SRSMJNP,MALE,49,GENERAL,12th Pass,2,,,0,Table,878,4,882,0.08,0.05,0.08,1049429,1056192,1798051
DEVESH SHAKYA,Uttar Pradesh,Etah,SP,MALE,42,GENERAL,Post Graduate,1,34061340,442323,1,Bicycle,474263,1545,475808,47.03,27.92,47.33,1005225,1011620,1703935
DANVEER,Uttar Pradesh,Etah,IND,MALE,47,SC,10th Pass,1,6818000,450000,0,Almirah,1261,4,1265,0.13,0.07,0.13,1005225,1011620,1703935
ASHOK KUMAR,Uttar Pradesh,Etah,IND,MALE,59,SC,Post Graduate,1,,,0,Air conditioner,777,3,780,0.08,0.05,0.08,1005225,1011620,1703935
ASHOK KUMAR,Uttar Pradesh,Etah,IND,MALE,59,SC,Graduate,2,15929248,0,0,Air conditioner,777,3,780,0.08,0.05,0.08,1005225,1011620,1703935
MUSLIM KHAN,Uttar Pradesh,Badaun,BSP,MALE,62,GENERAL,Others,1,23660000,0,0,Elephant,97686,65,97751,8.94,4.86,9.02,1083202,1093550,2010304
RAM PRATAP MAURYA,Uttar Pradesh,Badaun,IND,MALE,39,GENERAL,Graduate,3,2611100,540000,0,Cot,1542,1,1543,0.14,0.08,0.14,1083202,1093550,2010304
ABID ALI,Uttar Pradesh,Aonla,BSP,MALE,46,GENERAL,10th Pass,1,,,0,Elephant,95407,223,95630,8.77,5.05,8.84,1082038,1090062,1893622
CHHATRA PAL SINGH GANGWAR,Uttar Pradesh,Bareilly,BJP,MALE,68,GENERAL,Post Graduate,2,48788862,7044201,1,Lotus,565600,1527,567127,50.62,29.44,50.94,1113298,1120305,1926167
MOHD NAJIM ALI,Uttar Pradesh,Bareilly,BHRTJDOP,MALE,35,GENERAL,10th Pass,1,203343,0,0,Electric pole,624,9,633,0.06,0.03,0.06,1113298,1120305,1926167
BHAGWAT SARAN GANGWAR,Uttar Pradesh,Pilibhit,SP,MALE,68,GENERAL,12th Pass,2,33663477,0,0,Bicycle,439735,2488,442223,38.08,24.11,38.31,1154206,1161235,1833961
SUSHIL KUMAR SHUKLA,Uttar Pradesh,Pilibhit,IND,MALE,54,GENERAL,Graduate Professional,1,,,0,Throwing a javelin,2723,4,2727,0.23,0.15,0.24,1154206,1161235,1833961
ADARSH PANDEY,Uttar Pradesh,Pilibhit,IND,MALE,43,GENERAL,Post Graduate,1,5226281,0,0,Batsman,1714,12,1726,0.15,0.09,0.15,1154206,1161235,1833961
PRADEEP KUMAR,Uttar Pradesh,Shahjahanpur,IND,MALE,36,SC,Post Graduate,5,25564752,1218681,0,Stethoscope,1996,9,2005,0.16,0.09,0.16,1239412,1248747,2333143
ANSHAY KALRA,Uttar Pradesh,Kheri,BSP,MALE,30,GENERAL,10th Pass,2,83238839,3000000,0,Elephant,110122,338,110460,9.1,5.9,9.16,1205428,1213543,1871224
NARESH SINGH BHADAURIYA,Uttar Pradesh,Kheri,IND,MALE,60,GENERAL,Graduate Professional,1,,,0,Scissors,2107,4,2111,0.17,0.11,0.18,1205428,1213543,1871224
MUKESH KUMAR (BHARTI),Uttar Pradesh,Kheri,RViP,MALE,41,SC,Post Graduate,2,559339,273800,0,Gas cylinder,1266,3,1269,0.1,0.07,0.11,1205428,1213543,1871224
ANAND BHADAURIYA,Uttar Pradesh,Dhaurahra,SP,MALE,46,GENERAL,Post Graduate,4,,,1,Bicycle,442650,1093,443743,39.9,25.8,40.17,1104703,1112068,1719979
SHYAM KISHOR AWASTHI,Uttar Pradesh,Dhaurahra,BSP,MALE,45,GENERAL,Graduate Professional,4,,,0,Elephant,184964,510,185474,16.68,10.78,16.79,1104703,1112068,1719979
RAJESH KUMAR,Uttar Pradesh,Dhaurahra,PLTIJSTP,MALE,47,SC,12th Pass,1,9518000,0,0,Kettle,5020,3,5023,0.45,0.29,0.45,1104703,1112068,1719979
RAJESH KUMAR,Uttar Pradesh,Dhaurahra,PLTIJSTP,MALE,47,SC,12th Pass,5,8764850,0,0,Kettle,5020,3,5023,0.45,0.29,0.45,1104703,1112068,1719979
VIJAY KUMAR TIWARI,Uttar Pradesh,Dhaurahra,IND,MALE,64,GENERAL,Post Graduate,1,,,0,Balloon,2017,0,2017,0.18,0.12,0.18,1104703,1112068,1719979
RAKESH RATHOR,Uttar Pradesh,Sitapur,INC,MALE,60,GENERAL,Graduate,1,42107005,8288936,1,Hand,530467,671,531138,48.17,30.17,48.5,1095057,1102725,1760367
RAJESH VERMA,Uttar Pradesh,Sitapur,BJP,MALE,63,GENERAL,Graduate Professional,12,53894412,40745130,1,Lotus,441066,431,441497,40.04,25.08,40.32,1095057,1102725,1760367
MO. KASHIF ANSARI,Uttar Pradesh,Sitapur,APNDLK,MALE,26,GENERAL,Graduate,1,191000,0,0,Envelope,7585,1,7586,0.69,0.43,0.69,1095057,1102725,1760367
CHANDRA SHEKHAR VERMA,Uttar Pradesh,Sitapur,RSOSP,MALE,43,GENERAL,Post Graduate,1,14403311,600000,0,Ganna kisan,2429,0,2429,0.22,0.14,0.22,1095057,1102725,1760367
RAM ADHAR VERMA,Uttar Pradesh,Sitapur,SRPSP,MALE,55,GENERAL,8th Pass,1,13813000,300000,0,Jackfruit,2114,1,2115,0.19,0.12,0.19,1095057,1102725,1760367
USHA VERMA,Uttar Pradesh,Hardoi,SP,FEMALE,60,SC,Post Graduate,2,68366530,22845,0,Bicycle,457553,1389,458942,41.64,24.01,42.05,1091302,1102070,1911779
INDRAPAL PASI,Uttar Pradesh,Hardoi,JUSTIP,MALE,47,SC,10th Pass,1,381000,0,0,Kettle,2945,1,2946,0.27,0.15,0.27,1091302,1102070,1911779
PRADEEP KUMAR,Uttar Pradesh,Hardoi,BKrD,MALE,40,SC,Post Graduate,5,25564752,1218681,0,Ganna kisan,1349,5,1354,0.12,0.07,0.12,1091302,1102070,1911779
BRAHMA PRASAD,Uttar Pradesh,Hardoi,LJSPty,MALE,52,SC,Post Graduate,1,5329000,0,0,Scissors,1139,1,1140,0.1,0.06,0.1,1091302,1102070,1911779
B R AHIRWAR,Uttar Pradesh,Misrikh,BSP,MALE,61,SC,Post Graduate,1,123083227,0,0,Elephant,111670,275,111945,10.63,5.96,10.72,1043954,1052758,1879798
LALIT KUMAR,Uttar Pradesh,Misrikh,BSCP,MALE,29,SC,Graduate Professional,1,4501602,0,0,Flute,3811,4,3815,0.36,0.2,0.37,1043954,1052758,1879798
SWAMI SACHCHIDANAND HARI SAKSHI,Uttar Pradesh,Unnao,BJP,MALE,68,GENERAL,Doctorate,2,67226281,0,1,Lotus,614832,1301,616133,47.27,26.28,47.66,1292818,1303551,2344843
ANNU TANDON,Uttar Pradesh,Unnao,SP,FEMALE,66,GENERAL,Graduate,1,798904449,124450048,0,Bicycle,577699,2616,580315,44.52,24.75,44.89,1292818,1303551,2344843
KAUSHAL KISHORE,Uttar Pradesh,Mohanlalganj,BJP,MALE,64,SC,12th Pass,2,,,0,Lotus,596197,1380,597577,43.32,27.29,43.66,1368586,1379358,2189866
RAMESH KUMAR,Uttar Pradesh,Mohanlalganj,IND,MALE,52,SC,Post Graduate,3,85528,0,0,Balloon,1839,2,1841,0.13,0.08,0.13,1368586,1379358,2189866
JITENDRA KUMAR,Uttar Pradesh,Mohanlalganj,IND,MALE,45,SC,Post Graduate,1,1229400,0,0,School bag,1402,12,1414,0.1,0.06,0.1,1368586,1379358,2189866
RAVIDAS MEHROTRA,Uttar Pradesh,Lucknow,SP,MALE,69,GENERAL,Graduate Professional,18,11850112,88480,0,Bicycle,476303,1247,477550,41.88,21.97,42.28,1129542,1140222,2173953
KAPIL MOHAN CHOWDHARY,Uttar Pradesh,Lucknow,MARD,MALE,52,GENERAL,Graduate,2,,,0,Boat with man and sail,815,2,817,0.07,0.04,0.07,1129542,1140222,2173953
GAURAV VERMA,Uttar Pradesh,Lucknow,HSP,MALE,39,GENERAL,Graduate,1,4820779,0,0,Apple,801,6,807,0.07,0.04,0.07,1129542,1140222,2173953
RAHUL GANDHI,Uttar Pradesh,Rae Bareli,INC,MALE,53,GENERAL,Post Graduate,18,,,1,Hand,686044,1605,687649,66.12,38.44,66.67,1031347,1039951,1788731
RAHUL GANDHI,Uttar Pradesh,Rae Bareli,INC,MALE,53,GENERAL,Post Graduate,18,203961862,4979184,1,Hand,686044,1605,687649,66.12,38.44,66.67,1031347,1039951,1788731
THAKUR PRASAD YADAV,Uttar Pradesh,Rae Bareli,BSP,MALE,56,GENERAL,12th Pass,1,,,0,Elephant,21588,36,21624,2.08,1.21,2.1,1031347,1039951,1788731
DILEEP SINGH,Uttar Pradesh,Rae Bareli,AKBHAD,MALE,40,GENERAL,Post Graduate,1,7256000,0,0,Scissors,8676,2,8678,0.83,0.49,0.84,1031347,1039951,1788731
RAMBHUAL NISHAD,Uttar Pradesh,Sultanpur,SP,MALE,64,GENERAL,Graduate,8,,,1,Bicycle,442886,1444,444330,42.97,23.95,43.35,1024874,1034131,1855602
SANGAM LAL GUPTA,Uttar Pradesh,Pratapgarh,BJP,MALE,52,GENERAL,8th Pass,2,394932229,165345,0,Lotus,374208,1518,375726,39.66,20.46,39.78,944397,947386,1836748
VIJAY SINGH,Uttar Pradesh,Pratapgarh,ssrd,MALE,35,GENERAL,8th Pass,3,,,0,Grapes,2457,2,2459,0.26,0.13,0.26,944397,947386,1836748
SUNIL KUMAR MISHRA,Uttar Pradesh,Pratapgarh,IND,MALE,36,GENERAL,12th Pass,2,,,0,Plastering trowel,1134,2,1136,0.12,0.06,0.12,944397,947386,1836748
SHANKAR SUMAN TIVARI,Uttar Pradesh,Pratapgarh,IND,MALE,29,GENERAL,Graduate,1,1273300,0,0,Glass tumbler,1128,1,1129,0.12,0.06,0.12,944397,947386,1836748
DHARMENDRA TIWARI,Uttar Pradesh,Pratapgarh,LGP,MALE,47,GENERAL,Graduate,1,,,0,Box,992,1,993,0.1,0.05,0.11,944397,947386,1836748
DHYAN SINGH,Uttar Pradesh,Pratapgarh,IND,MALE,68,GENERAL,Graduate,1,7524376,240000,0,Almirah,675,3,678,0.07,0.04,0.07,944397,947386,1836748
MOHRAM ALI,Uttar Pradesh,Pratapgarh,IND,MALE,43,GENERAL,8th Pass,3,,,0,Saw,501,2,503,0.05,0.03,0.05,944397,947386,1836748
DR. NAVAL KISHOR SHAKYA,Uttar Pradesh,Farrukhabad,SP,MALE,49,GENERAL,Post Graduate,2,226463798,1792000,0,Bicycle,484485,800,485285,46.89,27.7,47.14,1029429,1035044,1751985
HARNANDAN SINGH,Uttar Pradesh,Farrukhabad,IND,MALE,49,GENERAL,Graduate,3,10329000,137000,0,Ganna kisan,2457,12,2469,0.24,0.14,0.24,1029429,1035044,1751985
DR RAM SHANKAR KATHERIA,Uttar Pradesh,Etawah,BJP,MALE,59,SC,Doctorate,3,40477655,37793056,0,Lotus,430922,1406,432328,41.8,23.57,42.07,1027518,1034154,1834489
VIVEK RAJ,Uttar Pradesh,Etawah,JSPVR,MALE,28,SC,Post Graduate,3,,,0,Ship,1569,5,1574,0.15,0.09,0.15,1027518,1034154,1834489
AKHILESH YADAV,Uttar Pradesh,Kannauj,SP,MALE,50,GENERAL,Graduate Professional,3,420262015,9985548,1,Bicycle,640207,2085,642292,52.69,32.22,52.95,1213015,1218971,1993616
SUBRAT PATHAK,Uttar Pradesh,Kannauj,BJP,MALE,44,GENERAL,Graduate,1,,,0,Lotus,470131,1239,471370,38.67,23.64,38.86,1213015,1218971,1993616
ALOK VERMA,Uttar Pradesh,Kannauj,RSOSP,MALE,49,GENERAL,Post Graduate,1,78473726,1000000,0,Ganna kisan,4484,8,4492,0.37,0.23,0.37,1213015,1218971,1993616
SINOD KUMAR,Uttar Pradesh,Kannauj,IND,MALE,45,SC,8th Pass,1,2090000,0,0,Scissors,1732,1,1733,0.14,0.09,0.14,1213015,1218971,1993616
SHAILENDRA KUMAR,Uttar Pradesh,Kannauj,BKPP,MALE,35,GENERAL,Post Graduate,1,811300,0,0,Kettle,1141,10,1151,0.09,0.06,0.09,1213015,1218971,1993616
ALOK MISRA,Uttar Pradesh,Kanpur,INC,MALE,63,GENERAL,Post Graduate,5,355966144,47288390,0,Hand,419469,2618,422087,47.54,25.35,47.79,883279,887948,1664794
KULDEEP BHADAURIYA,Uttar Pradesh,Kanpur,BSP,MALE,33,GENERAL,Graduate Professional,2,4207056,0,0,Elephant,11843,189,12032,1.36,0.72,1.36,883279,887948,1664794
MANOJ KUMAR,Uttar Pradesh,Kanpur,IND,MALE,35,SC,Post Graduate,2,16260000,0,1,Cot,776,2,778,0.09,0.05,0.09,883279,887948,1664794
MANOJ KUMAR,Uttar Pradesh,Kanpur,IND,MALE,35,SC,12th Pass,1,720227,500000,1,Cot,776,2,778,0.09,0.05,0.09,883279,887948,1664794
MANOJ KUMAR,Uttar Pradesh,Kanpur,IND,MALE,35,SC,12th Pass,2,,,1,Cot,776,2,778,0.09,0.05,0.09,883279,887948,1664794
MANOJ KUMAR,Uttar Pradesh,Kanpur,IND,MALE,35,SC,Graduate,1,32491416,2400000,1,Cot,776,2,778,0.09,0.05,0.09,883279,887948,1664794
ARVIND KUMAR SRIVASTAVA,Uttar Pradesh,Kanpur,IND,MALE,39,GENERAL,Post Graduate,2,93969,0,0,Air conditioner,394,4,398,0.04,0.02,0.05,883279,887948,1664794
SANJAY SINGH,Uttar Pradesh,Kanpur,PBI,MALE,38,GENERAL,10th Pass,11,4391438,0,0,Flute,348,2,350,0.04,0.02,0.04,883279,887948,1664794
DEVENDRA SINGH ALIAS BHOLE SINGH,Uttar Pradesh,Akbarpur,BJP,MALE,70,GENERAL,10th Pass,13,47828524,9902495,1,Lotus,514256,3167,517423,47.56,27.58,47.94,1079304,1087989,1875912
RAJARAM PAL,Uttar Pradesh,Akbarpur,SP,MALE,63,GENERAL,Graduate Professional,1,,,0,Bicycle,469766,3312,473078,43.48,25.22,43.83,1079304,1087989,1875912
RAJESH KUMAR DWIVEDI,Uttar Pradesh,Akbarpur,BSP,MALE,62,GENERAL,Literate,1,,,0,Elephant,72679,461,73140,6.72,3.9,6.78,1079304,1087989,1875912
YOGESH JAISWAL,Uttar Pradesh,Akbarpur,IND,MALE,47,GENERAL,Post Graduate,1,,,0,Sitar,2529,14,2543,0.23,0.14,0.24,1079304,1087989,1875912
RAVI PRAKASH,Uttar Pradesh,Jhansi,BSP,MALE,34,GENERAL,Graduate,3,2200299,903480,0,Elephant,63106,86,63192,4.57,2.92,4.63,1365204,1381376,2162404
NIRDOSH KUMAR DIXIT,Uttar Pradesh,Hamirpur,BSP,MALE,42,GENERAL,Post Graduate,1,18644896,960000,0,Elephant,94564,132,94696,8.48,5.14,8.59,1101846,1116908,1841604
SANTOSH KUMAR,Uttar Pradesh,Hamirpur,IND,MALE,42,GENERAL,8th Pass,1,6351500,14500,0,Saw,3776,1,3777,0.34,0.21,0.34,1101846,1116908,1841604
R. K. SINGH PATEL,Uttar Pradesh,Banda,BJP,MALE,64,GENERAL,Graduate,1,,,0,Lotus,334950,407,335357,32.09,19.17,32.53,1030897,1044901,1749034
PRAMOD AZAD,Uttar Pradesh,Banda,APNDLK,MALE,39,GENERAL,Graduate,3,4642500,0,0,Envelope,2141,1,2142,0.2,0.12,0.21,1030897,1044901,1749034
MANISH SINGH SACHAN,Uttar Pradesh,Fatehpur,BSP,MALE,43,GENERAL,Graduate Professional,1,,,0,Elephant,90897,73,90970,8.2,4.68,8.28,1098824,1109359,1942597
BIRENDRA SINGH,Uttar Pradesh,Fatehpur,IND,MALE,64,GENERAL,Graduate,3,,,1,Helmet,7917,3,7920,0.71,0.41,0.72,1098824,1109359,1942597
BIRENDRA SINGH,Uttar Pradesh,Fatehpur,IND,MALE,64,GENERAL,Graduate Professional,3,53214884,5418301,1,Helmet,7917,3,7920,0.71,0.41,0.72,1098824,1109359,1942597
VINOD KUMAR SONKAR,Uttar Pradesh,Kaushambi,BJP,MALE,53,SC,Graduate,2,145598217,98912457,0,Lotus,405142,701,405843,40.18,21.22,40.73,996362,1010109,1912536
SANJAY KUMAR,Uttar Pradesh,Kaushambi,IND,MALE,33,SC,5th Pass,6,1215000,0,0,Box,4631,3,4634,0.46,0.24,0.47,996362,1010109,1912536
PRADEEP KUMAR,Uttar Pradesh,Kaushambi,IND,MALE,35,SC,Post Graduate,5,25564752,1218681,0,Bat,2539,2,2541,0.25,0.13,0.26,996362,1010109,1912536
AMAR NATH SINGH MAURYA,Uttar Pradesh,Phulpur,SP,MALE,54,GENERAL,Graduate Professional,2,108378211,36654813,0,Bicycle,446596,1672,448268,44.16,21.64,44.41,1009357,1015032,2071536
MUSHIR AHMAD SIDDIQUI,Uttar Pradesh,Phulpur,PPID,MALE,38,GENERAL,Graduate,1,,,0,Basket containing Fruits,1505,1,1506,0.15,0.07,0.15,1009357,1015032,2071536
LALA RAM SAROJ,Uttar Pradesh,Phulpur,PBM,MALE,44,SC,Graduate Professional,2,,,0,Air conditioner,1040,9,1049,0.1,0.05,0.1,1009357,1015032,2071536
RAMESH KUMAR PATEL,Uttar Pradesh,Allahabad,BSP,MALE,47,GENERAL,10th Pass,3,,,0,Elephant,49045,99,49144,5.18,2.69,5.24,937048,948256,1828159
HANSHRAJ KOL,Uttar Pradesh,Allahabad,APNDLK,MALE,53,SC,Graduate,1,,,0,Envelope,2137,4,2141,0.23,0.12,0.23,937048,948256,1828159
TANUJ PUNIA,Uttar Pradesh,Barabanki,INC,MALE,39,SC,Graduate Professional,1,27131091,243280,1,Hand,718528,1399,719927,55.77,37.51,56.14,1282413,1290963,1919282
AWADHESH PRASAD,Uttar Pradesh,Faizabad,SP,MALE,79,SC,Post Graduate,1,52967071,1000000,1,Bicycle,553549,740,554289,48.55,28.73,48.92,1133125,1141689,1929399
ARVIND SEN,Uttar Pradesh,Faizabad,CPI,MALE,64,GENERAL,Post Graduate,2,,,0,Ears of corn and sickle,15353,14,15367,1.35,0.8,1.36,1133125,1141689,1929399
ARUN KUMAR,Uttar Pradesh,Faizabad,IND,MALE,52,SC,12th Pass,1,,,0,Crane,1063,4,1067,0.09,0.06,0.09,1133125,1141689,1929399
ARUN KUMAR,Uttar Pradesh,Faizabad,IND,MALE,52,SC,Doctorate,1,99021663,900000,0,Crane,1063,4,1067,0.09,0.06,0.09,1133125,1141689,1929399
LALJI VERMA,Uttar Pradesh,Ambedkar Nagar,SP,MALE,68,GENERAL,Post Graduate,2,,,1,Bicycle,543721,1238,544959,46.18,28.48,46.59,1169614,1180008,1913756
QAMAR HAYAT,Uttar Pradesh,Ambedkar Nagar,BSP,MALE,70,GENERAL,12th Pass,2,18504351,631586,0,Elephant,199252,247,199499,16.91,10.42,17.06,1169614,1180008,1913756
RAMESH CHANDRA,Uttar Pradesh,Baharaich,SP,MALE,57,SC,Graduate,1,,,0,Bicycle,454454,121,454575,43.02,24.71,43.55,1043702,1056593,1839281
BHAGAT RAM,Uttar Pradesh,Kaiserganj,SP,MALE,71,GENERAL,Post Graduate,1,50822508,820000,0,Bicycle,422012,408,422420,39.76,22.16,40.34,1047212,1062305,1906032
KRISHNA KUMAR MAURYA,Uttar Pradesh,Shrawasti,SMKP,MALE,35,GENERAL,Graduate,1,5994000,823600,0,Plastering trowel,2266,1,2267,0.22,0.11,0.22,1036656,1046633,1980743
HANUMAN PRASAD MISHRA,Uttar Pradesh,Shrawasti,KMSP,MALE,48,GENERAL,12th Pass,5,125000,0,0,Nail cutter,1494,1,1495,0.14,0.08,0.14,1036656,1046633,1980743
KIRTIVARDHAN SINGH,Uttar Pradesh,Gonda,BJP,MALE,58,GENERAL,Post Graduate,3,,,1,Lotus,473691,567,474258,49.75,25.72,50.25,943829,953302,1843873
SHREYA VERMA,Uttar Pradesh,Gonda,SP,FEMALE,31,GENERAL,Graduate,2,24768229,0,0,Bicycle,427363,671,428034,44.9,23.21,45.35,943829,953302,1843873
VINOD KUMAR SINGH,Uttar Pradesh,Gonda,BHUNP,MALE,44,GENERAL,Graduate Professional,1,,,0,Bat,1482,1,1483,0.16,0.08,0.16,943829,953302,1843873
VINOD KUMAR SINGH,Uttar Pradesh,Gonda,BHUNP,MALE,44,GENERAL,Post Graduate,3,5598476,267240,0,Bat,1482,1,1483,0.16,0.08,0.16,943829,953302,1843873
JAGDAMBIKA PAL,Uttar Pradesh,Domariyaganj,BJP,MALE,74,GENERAL,Post Graduate,1,193536623,7487022,1,Lotus,462614,689,463303,45.31,23.61,45.89,1009518,1022585,1962205
RAM PRASAD CHAUDHARY,Uttar Pradesh,Basti,SP,MALE,70,GENERAL,Others,4,98152477,3745441,1,Bicycle,523487,3518,527005,48.58,27.67,49.02,1075109,1084777,1904843
HARISH CHANDRA ALIAS HARISH DWIVEDI,Uttar Pradesh,Basti,BJP,MALE,51,GENERAL,Post Graduate,1,61360462,17370866,0,Lotus,424604,1407,426011,39.27,22.36,39.62,1075109,1084777,1904843
LAVKUSH PATEL,Uttar Pradesh,Basti,BSP,MALE,35,GENERAL,12th Pass,1,,,0,Elephant,102818,483,103301,9.52,5.42,9.61,1075109,1084777,1904843
PREM KUMAR,Uttar Pradesh,Basti,MADP,MALE,30,GENERAL,Post Graduate,2,,,0,Auto- rickshaw,3607,4,3611,0.33,0.19,0.34,1075109,1084777,1904843
HAFIZ ALI,Uttar Pradesh,Basti,AIFB,MALE,47,GENERAL,Graduate Professional,3,,,0,Lion,2985,3,2988,0.28,0.16,0.28,1075109,1084777,1904843
SHAILENDRA KUMAR,Uttar Pradesh,Basti,BHMPP,MALE,51,GENERAL,Post Graduate,1,811300,0,0,Diamond,2361,3,2364,0.22,0.12,0.22,1075109,1084777,1904843
LAXMIKANT PAPPU NISHAD,Uttar Pradesh,Sant Kabir Nagar,SP,MALE,51,GENERAL,12th Pass,3,33728000,3500000,1,Bicycle,497488,1207,498695,45.66,24.02,46.09,1081975,1092192,2076050
SATYVANT PRATAP SINGH,Uttar Pradesh,Sant Kabir Nagar,IND,MALE,39,GENERAL,12th Pass,2,1081500,0,0,Pan,4351,7,4358,0.4,0.21,0.4,1081975,1092192,2076050
MITRASEN,Uttar Pradesh,Sant Kabir Nagar,IND,MALE,36,GENERAL,Graduate,1,1326098,670000,0,Plastering trowel,2535,9,2544,0.23,0.12,0.24,1081975,1092192,2076050
VIRENDRA CHAUDHARY,Uttar Pradesh,Maharajganj,INC,MALE,49,GENERAL,Graduate Professional,2,64377000,700000,0,Hand,555045,814,555859,45.92,27.7,46.29,1200706,1210504,2007065
BRIJESH,Uttar Pradesh,Maharajganj,ABHASP,MALE,43,GENERAL,Post Graduate,1,28004270,800000,0,Auto- rickshaw,8575,8,8583,0.71,0.43,0.71,1200706,1210504,2007065
RAMPRIT,Uttar Pradesh,Maharajganj,IND,MALE,59,GENERAL,Literate,2,50000,0,0,Flute,3028,1,3029,0.25,0.15,0.25,1200706,1210504,2007065
KAJAL NISHAD,Uttar Pradesh,Gorakhpur,SP,FEMALE,43,GENERAL,8th Pass,1,,,0,Bicycle,480788,1520,482308,41.76,22.95,42.06,1146732,1154974,2101746
JAVED ASHRAF ALIAS JAVED SIMNANI,Uttar Pradesh,Gorakhpur,BSP,MALE,41,GENERAL,12th Pass,7,6051000,957850,0,Elephant,55660,121,55781,4.83,2.65,4.86,1146732,1154974,2101746
PINTU SAHANI,Uttar Pradesh,Gorakhpur,IND,MALE,30,GENERAL,Post Graduate,3,2246203,0,0,Kettle,4031,1,4032,0.35,0.19,0.35,1146732,1154974,2101746
VIJAY KUMAR DUBAY,Uttar Pradesh,Kushi Nagar,BJP,MALE,57,GENERAL,12th Pass,2,60174786,0,1,Lotus,516006,339,516345,47.78,27.51,48.22,1070701,1080710,1876962
SWAMI PRASAD MAURYA,Uttar Pradesh,Kushi Nagar,RSOSP,MALE,69,GENERAL,Post Graduate,9,87267479,0,0,Ganna kisan,36559,16,36575,3.38,1.95,3.42,1070701,1080710,1876962
KAMLESH PASWAN,Uttar Pradesh,Bansgaon,BJP,MALE,47,SC,Graduate,9,,,1,Lotus,427528,1165,428693,45.32,23.48,45.81,935742,945860,1825711
GAYA PRASAD,Uttar Pradesh,Bansgaon,IND,MALE,52,SC,10th Pass,1,1766450,0,0,Balloon,6629,9,6638,0.7,0.36,0.71,935742,945860,1825711
SHRVAN KUMAR NIRALA,Uttar Pradesh,Bansgaon,IND,MALE,44,SC,12th Pass,3,,,0,Gas cylinder,4139,3,4142,0.44,0.23,0.44,935742,945860,1825711
DAROGA PRASAD SAROJ,Uttar Pradesh,Lalganj,SP,MALE,71,SC,Graduate,3,,,1,Bicycle,437567,2392,439959,43.81,23.9,44.16,996344,1004152,1841110
NEELAM SONKER,Uttar Pradesh,Lalganj,BJP,FEMALE,48,SC,Post Graduate,2,99426386,8800000,0,Lotus,324106,830,324936,32.36,17.65,32.61,996344,1004152,1841110
DHARMENDRA YADAV,Uttar Pradesh,Azamgarh,SP,MALE,45,GENERAL,Post Graduate,4,135032793,34245511,1,Bicycle,504837,3402,508239,48.17,27.15,48.48,1048286,1055114,1871946
RAJEEV RAI,Uttar Pradesh,Ghosi,SP,MALE,54,GENERAL,Doctorate,1,494188267,62952119,1,Bicycle,501407,1724,503131,43.72,24.07,43.86,1147072,1150742,2090637
DR. ARVIND RAJBHAR,Uttar Pradesh,Ghosi,SBSP,MALE,35,GENERAL,Doctorate,1,,,0,Walking stick,339416,772,340188,29.56,16.27,29.66,1147072,1150742,2090637
VINOD KUMAR RAI,Uttar Pradesh,Ghosi,CPI,MALE,67,GENERAL,Graduate,3,8236962,40000,0,Ears of corn and sickle,6987,6,6993,0.61,0.33,0.61,1147072,1150742,2090637
SATISH CHAND PRAJAPATI FAUJI,Uttar Pradesh,Ghosi,SMJDRP,MALE,57,GENERAL,12th Pass,1,9145000,250000,0,Gas cylinder,1918,3,1921,0.17,0.09,0.17,1147072,1150742,2090637
RAJENDRA RAM,Uttar Pradesh,Ghosi,IND,MALE,63,SC,Post Graduate,1,40034033,0,0,Coat,1649,0,1649,0.14,0.08,0.14,1147072,1150742,2090637
GOPAL SINGH,Uttar Pradesh,Ghosi,AAS,MALE,50,GENERAL,12th Pass,1,,,0,Almirah,729,8,737,0.06,0.04,0.06,1147072,1150742,2090637
SURYA PRAKASH GAUTAM,Uttar Pradesh,Salempur,SRPSP,MALE,37,SC,Graduate,1,1096500,0,0,Jackfruit,1782,3,1785,0.19,0.1,0.2,909813,917622,1784412
SANATAN PANDEY,Uttar Pradesh,Ballia,SP,MALE,61,GENERAL,Others,2,24950786,624502,1,Bicycle,464473,2595,467068,46.35,24.11,46.75,999135,1007726,1936995
LALLAN SINGH YADAV,Uttar Pradesh,Ballia,BSP,MALE,44,GENERAL,12th Pass,22,15631211,0,0,Elephant,84943,262,85205,8.46,4.4,8.53,999135,1007726,1936995
SUMESHWAR,Uttar Pradesh,Ballia,IND,MALE,39,GENERAL,12th Pass,1,,,0,Walking stick,5056,0,5056,0.5,0.26,0.51,999135,1007726,1936995
RAMNIVAS GOND,Uttar Pradesh,Ballia,GGP,MALE,69,ST,5th Pass,1,2653241,0,0,Saw,2642,30,2672,0.27,0.14,0.27,999135,1007726,1936995
BABU SINGH KUSHWAHA,Uttar Pradesh,Jaunpur,SP,MALE,57,GENERAL,12th Pass,25,200149000,28255000,1,Bicycle,506076,3054,509130,46.08,25.73,46.48,1095459,1104876,1979004
KRIPASHANKAR SINGH,Uttar Pradesh,Jaunpur,BJP,MALE,73,GENERAL,10th Pass,2,76867339,31160687,0,Lotus,408512,1283,409795,37.09,20.71,37.41,1095459,1104876,1979004
ASHOK SINGH,Uttar Pradesh,Jaunpur,SMJVKP,MALE,56,GENERAL,Graduate,2,,,0,Ganna kisan,2749,6,2755,0.25,0.14,0.25,1095459,1104876,1979004
PRIYA SAROJ,Uttar Pradesh,Machhlishahr,SP,FEMALE,25,SC,Graduate Professional,2,,,1,Bicycle,449561,1731,451292,42.49,23.22,42.95,1050760,1062071,1943763
RAJENDRA PRASAD,Uttar Pradesh,Machhlishahr,RSUP,MALE,56,SC,12th Pass,3,3374441,524050,0,Truck,2066,1,2067,0.19,0.11,0.2,1050760,1062071,1943763
AFZAL ANSARI,Uttar Pradesh,Ghazipur,SP,MALE,70,GENERAL,Post Graduate,5,207682224,0,1,Bicycle,537784,2128,539912,46.75,25.85,47.19,1144029,1154838,2088636
PARS NATH RAI,Uttar Pradesh,Ghazipur,BJP,MALE,69,GENERAL,Post Graduate,1,,,0,Lotus,413518,1533,415051,35.94,19.87,36.28,1144029,1154838,2088636
UMESH KUMAR SINGH,Uttar Pradesh,Ghazipur,BSP,MALE,54,GENERAL,Post Graduate,1,11793000,30472,0,Elephant,164601,363,164964,14.28,7.9,14.42,1144029,1154838,2088636
SATYDEV YADAV,Uttar Pradesh,Ghazipur,IND,MALE,55,GENERAL,Post Graduate,3,180900500,0,0,Kettle,3163,9,3172,0.27,0.15,0.28,1144029,1154838,2088636
BIRENDRA SINGH,Uttar Pradesh,Chandauli,SP,MALE,65,GENERAL,Graduate,3,,,1,Bicycle,472928,1548,474476,42.37,25.64,42.84,1107494,1119838,1850547
BIRENDRA SINGH,Uttar Pradesh,Chandauli,SP,MALE,65,GENERAL,Graduate Professional,3,53214884,5418301,1,Bicycle,472928,1548,474476,42.37,25.64,42.84,1107494,1119838,1850547
SANTOSH KUMAR,Uttar Pradesh,Chandauli,IND,MALE,40,SC,8th Pass,1,6351500,14500,0,Cot,2965,4,2969,0.27,0.16,0.27,1107494,1119838,1850547
AJAY RAI,Uttar Pradesh,Varanasi,INC,MALE,53,GENERAL,Graduate,18,,,0,Hand,459084,1373,460457,40.68,23.02,41.05,1121665,1131818,1999861
ATHER JAMAL LARI,Uttar Pradesh,Varanasi,BSP,MALE,70,GENERAL,Graduate,1,19966107,760000,0,Elephant,33646,120,33766,2.98,1.69,3.01,1121665,1131818,1999861
GAGAN PRAKASH YADAV,Uttar Pradesh,Varanasi,APNDLK,MALE,39,GENERAL,Graduate Professional,5,,,0,Envelope,3619,15,3634,0.32,0.18,0.32,1121665,1131818,1999861
LALITESHPATI TRIPATHI,Uttar Pradesh,Bhadohi,AITC,MALE,46,GENERAL,Graduate,3,103254356,0,0,Flowers and Grass,414131,1779,415910,38.31,20.39,38.73,1073764,1085742,2039941
PREMCHAND BIND,Uttar Pradesh,Bhadohi,PMSP,MALE,55,GENERAL,Graduate Professional,1,1249953,0,0,Ganna kisan,13655,34,13689,1.26,0.67,1.27,1073764,1085742,2039941
RAJ NARAYAN PATEL,Uttar Pradesh,Bhadohi,SRPSP,MALE,71,GENERAL,Graduate,3,4061000,175000,0,Jackfruit,6198,8,6206,0.57,0.3,0.58,1073764,1085742,2039941
ANUPRIYA PATEL,Uttar Pradesh,Mirzapur,ADAL,FEMALE,43,GENERAL,Post Graduate,2,42241754,9805603,1,Cup & saucer,470866,765,471631,42.66,24.7,43.25,1090356,1105445,1909448
RAMESH CHAND BIND,Uttar Pradesh,Mirzapur,SP,MALE,50,GENERAL,8th Pass,1,117335807,36394844,0,Bicycle,433286,535,433821,39.24,22.72,39.79,1090356,1105445,1909448
MANISH KUMAR,Uttar Pradesh,Mirzapur,BSP,MALE,40,GENERAL,Graduate,1,9175000,0,0,Elephant,144279,167,144446,13.07,7.56,13.25,1090356,1105445,1909448
ANIL KUMAR,Uttar Pradesh,Mirzapur,EKSP,MALE,47,GENERAL,Graduate,6,84736820,11704610,0,Boat with man and sail,6166,5,6171,0.56,0.32,0.57,1090356,1105445,1909448
SAMEER SINGH,Uttar Pradesh,Mirzapur,AIFB,MALE,31,GENERAL,Graduate Professional,1,,,0,Lion,3486,1,3487,0.32,0.18,0.32,1090356,1105445,1909448
RAM SHIROMANI,Uttar Pradesh,Robertsganj,SRPSP,MALE,40,SC,8th Pass,1,,,0,Jackfruit,3116,7,3123,0.31,0.18,0.32,990513,1011592,1780728
JAGADISH CHANDRA BARMA BASUNIA,West Bengal,Coochbehar,AITC,MALE,60,SC,Graduate Professional,1,26907638,0,1,Flowers and Grass,785747,2628,788375,48.53,40,49.04,1607485,1624634,1970743
NISITH PRAMANIK,West Bengal,Coochbehar,BJP,MALE,38,SC,10th Pass,14,10512699,0,0,Lotus,745144,3981,749125,46.11,38.01,46.6,1607485,1624634,1970743
MANOJ TIGGA,West Bengal,Alipurduars,BJP,MALE,51,ST,Graduate,6,,,1,Lotus,691533,3781,695314,48.89,39.1,49.66,1400091,1422285,1778463
PRAKASH CHIK BARAIK,West Bengal,Alipurduars,AITC,MALE,43,ST,Graduate,1,,,0,Flowers and Grass,617486,2381,619867,43.58,34.85,44.27,1400091,1422285,1778463
DEBRAJ BARMAN,West Bengal,Jalpaiguri,CPI(M),MALE,36,SC,Post Graduate,2,38989468,0,0,"Hammer, Sickle and Star",73629,463,74092,4.67,3.92,4.74,1561541,1585888,1889840
RAJU BISTA,West Bengal,Darjeeling,BJP,MALE,38,GENERAL,Graduate,2,,,1,Lotus,675324,4007,679331,51.04,38.23,51.88,1309391,1331004,1776898
BISHNU PRASAD SHARMA,West Bengal,Darjeeling,IND,MALE,54,GENERAL,10th Pass,4,7627219,1331073,0,Safety pin,7431,16,7447,0.56,0.42,0.57,1309391,1331004,1776898
PRADHAN MARDI,West Bengal,Darjeeling,APoI,MALE,32,ST,5th Pass,1,209941,0,0,Coat,2714,33,2747,0.21,0.15,0.21,1309391,1331004,1776898
BUDHARU ROY,West Bengal,Darjeeling,KPPU,MALE,46,SC,10th Pass,1,4340642,0,0,Walking stick,1734,28,1762,0.13,0.1,0.13,1309391,1331004,1776898
RUPAK ROY,West Bengal,Raiganj,IND,MALE,35,GENERAL,12th Pass,1,,,0,Mike,3355,3,3358,0.25,0.19,0.25,1366531,1369355,1791574
DURGA MURMU,West Bengal,Raiganj,APoI,MALE,36,ST,10th Pass,2,,,0,Coat,3330,4,3334,0.24,0.19,0.24,1366531,1369355,1791574
SHARANYA DUTTA,West Bengal,Raiganj,IND,MALE,36,GENERAL,Post Graduate,1,4895826,2638,0,Violin,1328,2,1330,0.1,0.07,0.1,1366531,1369355,1791574
SUKANTA MAJUMDAR,West Bengal,Balurghat,BJP,MALE,44,GENERAL,Doctorate,16,12476825,1125114,1,Lotus,572925,2071,574996,46.37,36.77,46.75,1229871,1240016,1563941
BAKHTIAR MUJAHIT SAHANI,West Bengal,Balurghat,IND,MALE,37,GENERAL,Graduate Professional,1,1210173,0,0,CCTV Camera,6391,2,6393,0.52,0.41,0.52,1229871,1240016,1563941
KHAGEN MURMU,West Bengal,Maldaha Uttar,BJP,MALE,64,ST,Graduate,7,,,1,Lotus,525109,1914,527023,37.14,28.27,37.37,1410301,1419041,1864285
PRASUN BANERJEE,West Bengal,Maldaha Uttar,AITC,MALE,54,GENERAL,Graduate,1,10360134,0,1,Flowers and Grass,448234,1081,449315,31.66,24.1,31.86,1410301,1419041,1864285
SWAPAN MAHATO,West Bengal,Maldaha Uttar,IND,MALE,45,GENERAL,8th Pass,1,,,0,Stool,7235,2,7237,0.51,0.39,0.51,1410301,1419041,1864285
JOSEPH KISKU,West Bengal,Maldaha Uttar,APoI,MALE,31,ST,Post Graduate,1,2829169,0,0,Coat,4637,0,4637,0.33,0.25,0.33,1410301,1419041,1864285
SUBHASH BARMAN,West Bengal,Maldaha Uttar,KPPU,MALE,64,SC,5th Pass,9,9533100,0,0,Boat with man and sail,2019,0,2019,0.14,0.11,0.14,1410301,1419041,1864285
SREERUPA MITRA CHAUDHURY (NIRBHAYA DIDI),West Bengal,Maldaha Dakshin,BJP,FEMALE,60,GENERAL,Post Graduate,3,4295409,1125837,0,Lotus,441531,2496,444027,32.37,24.88,32.48,1366992,1371914,1784407
BIJOY KUMAR SARKAR,West Bengal,Maldaha Dakshin,IND,MALE,65,SC,Doctorate,1,36133311,0,0,Basket containing Fruits,4773,3,4776,0.35,0.27,0.35,1366992,1371914,1784407
MD NUR ISLAM SEKH,West Bengal,Maldaha Dakshin,RSSCMJP,MALE,42,GENERAL,12th Pass,1,4704500,0,0,Envelope,1130,6,1136,0.08,0.06,0.08,1366992,1371914,1784407
MURTOJA HOSSAIN BOKUL,West Bengal,Jangipur,INC,MALE,51,GENERAL,10th Pass,1,7944296,1509512,0,Hand,427105,685,427790,31.23,23.67,31.63,1352475,1369909,1807556
DHANANJAY GHOSH,West Bengal,Jangipur,BJP,MALE,39,GENERAL,10th Pass,6,6331927,0,0,Lotus,339868,946,340814,24.88,18.85,25.2,1352475,1369909,1807556
MD SAHABUDDIN,West Bengal,Jangipur,SDPI,MALE,64,GENERAL,Post Graduate,1,1242307,0,0,Gas cylinder,3489,7,3496,0.26,0.19,0.26,1352475,1369909,1807556
ADHIR RANJAN CHOWDHURY,West Bengal,Baharampur,INC,MALE,68,GENERAL,8th Pass,5,117348800,2462632,0,Hand,438171,1323,439494,31.67,24.56,31.91,1377285,1387690,1789424
ABU TAHER KHAN,West Bengal,Murshidabad,AITC,MALE,62,GENERAL,10th Pass,3,38476131,0,1,Flowers and Grass,681674,768,682442,44.26,36.1,44.65,1528289,1541754,1890589
MD SALIM,West Bengal,Murshidabad,CPI(M),MALE,66,GENERAL,Post Graduate,5,,,0,"Hammer, Sickle and Star",517733,494,518227,33.61,27.41,33.91,1528289,1541754,1890589
GOURI SANKAR GHOSH,West Bengal,Murshidabad,BJP,MALE,51,GENERAL,Post Graduate,5,,,0,Lotus,291013,1018,292031,18.94,15.45,19.11,1528289,1541754,1890589
MAHUA MOITRA,West Bengal,Krishnanagar,AITC,FEMALE,49,GENERAL,Graduate,1,35067166,0,1,Flowers and Grass,624711,4078,628789,44.06,35.67,44.32,1418901,1426981,1762599
S.M. SADI,West Bengal,Krishnanagar,CPI(M),MALE,64,GENERAL,12th Pass,1,,,0,"Hammer, Sickle and Star",179063,1138,180201,12.63,10.22,12.7,1418901,1426981,1762599
JAGANNATH SARKAR,West Bengal,Ranaghat,BJP,MALE,61,SC,Graduate Professional,4,22328968,0,1,Lotus,778046,4350,782396,50.73,41.67,51.11,1530739,1542292,1877599
MUKUT MANI ADHIKARI,West Bengal,Ranaghat,AITC,MALE,34,SC,Graduate Professional,4,6111240,213275,0,Flowers and Grass,592276,3221,595497,38.61,31.72,38.9,1530739,1542292,1877599
ALAKESH DAS,West Bengal,Ranaghat,CPI(M),MALE,61,SC,Graduate Professional,1,,,0,"Hammer, Sickle and Star",122970,840,123810,8.03,6.59,8.09,1530739,1542292,1877599
JAGANNATH SARKAR,West Bengal,Ranaghat,IND,MALE,58,SC,Graduate Professional,4,22328968,0,1,Diamond,5831,30,5861,0.38,0.31,0.38,1530739,1542292,1877599
SHANTANU THAKUR,West Bengal,Bangaon,BJP,MALE,42,SC,Graduate,23,33411607,17218000,1,Lotus,716952,2553,719505,48.17,39.08,48.41,1486423,1493680,1841292
BISWAJIT DAS S/O LATE BIJAY KRISHNA DAS,West Bengal,Bangaon,AITC,MALE,57,SC,10th Pass,7,10887022,254668,0,Flowers and Grass,643653,2159,645812,43.24,35.07,43.45,1486423,1493680,1841292
DIPAK MAJUMDAR,West Bengal,Bangaon,AISF,MALE,54,SC,10th Pass,2,15885600,1443970,0,Envelope,19199,17,19216,1.29,1.04,1.29,1486423,1493680,1841292
SUMITA PODDAR,West Bengal,Bangaon,IND,FEMALE,40,SC,8th Pass,1,227698140,30390844,0,Boat with man and sail,2347,7,2354,0.16,0.13,0.16,1486423,1493680,1841292
KALYAN SARKAR,West Bengal,Bangaon,IND,MALE,47,SC,8th Pass,3,,,0,Sitar,676,15,691,0.05,0.04,0.05,1486423,1493680,1841292
PARTHA BHOWMICK,West Bengal,Barrackpur,AITC,MALE,60,GENERAL,Post Graduate,2,,,1,Flowers and Grass,518486,1745,520231,45.53,34.4,46.01,1130778,1142509,1512101
ARJUN SINGH,West Bengal,Barrackpur,BJP,MALE,62,GENERAL,12th Pass,93,27476986,11807539,0,Lotus,454184,1609,455793,39.89,30.14,40.31,1130778,1142509,1512101
DHARMENDRA SINGH,West Bengal,Barrackpur,IND,MALE,48,GENERAL,Literate,7,7173653,0,0,Auto- rickshaw,2843,4,2847,0.25,0.19,0.25,1130778,1142509,1512101
SANJAY SINGH,West Bengal,Barrackpur,IND,MALE,52,GENERAL,10th Pass,11,4391438,0,0,Baby walker,1670,6,1676,0.15,0.11,0.15,1130778,1142509,1512101
KUNDAN SINGH,West Bengal,Barrackpur,IND,MALE,40,GENERAL,10th Pass,2,1159020,0,0,Apple,820,6,826,0.07,0.05,0.07,1130778,1142509,1512101
SOUGATA RAY,West Bengal,Dum dum,AITC,MALE,76,GENERAL,Post Graduate,1,51230026,0,1,Flowers and Grass,526289,2290,528579,41.92,31.08,42.33,1248712,1260841,1700882
SILBHADRA DATTA,West Bengal,Dum dum,BJP,MALE,65,GENERAL,Post Graduate,2,11691958,476709,0,Lotus,456138,1781,457919,36.32,26.92,36.67,1248712,1260841,1700882
SUJAN CHAKRABORTY,West Bengal,Dum dum,CPI(M),MALE,65,GENERAL,Doctorate,1,12417952,0,0,"Hammer, Sickle and Star",239418,1366,240784,19.1,14.16,19.28,1248712,1260841,1700882
SHEKH IMANUR RAHMAN,West Bengal,Dum dum,IND,MALE,33,GENERAL,Graduate Professional,1,,,0,Batsman,6410,1,6411,0.51,0.38,0.51,1248712,1260841,1700882
SWAPAN MAJUMDER,West Bengal,Barasat,BJP,MALE,41,SC,12th Pass,14,45582188,12255368,0,Lotus,576024,1797,577821,37.65,30.29,38.15,1514709,1534562,1907604
TAPAS BANERJEE,West Bengal,Barasat,AISF,MALE,60,GENERAL,Graduate,1,,,0,Envelope,121355,85,121440,7.91,6.37,8.02,1514709,1534562,1907604
REKHA PATRA,West Bengal,Basirhat,BJP,FEMALE,31,SC,5th Pass,4,25047,0,0,Lotus,468593,1622,470215,30.81,26.04,30.97,1518153,1526081,1805874
AKHTAR RAHAMAN BISWAS,West Bengal,Basirhat,AISF,MALE,30,GENERAL,12th Pass,1,315220,46922,0,Envelope,123432,68,123500,8.09,6.84,8.13,1518153,1526081,1805874
NIRAPADA SARDAR,West Bengal,Basirhat,CPI(M),MALE,58,ST,12th Pass,4,2679474,1000000,0,"Hammer, Sickle and Star",77611,288,77899,5.1,4.31,5.13,1518153,1526081,1805874
IMRAN ALI SARDAR,West Bengal,Basirhat,BHRJWNKP,MALE,47,GENERAL,8th Pass,2,315000,494896,0,Diamond,2548,5,2553,0.17,0.14,0.17,1518153,1526081,1805874
SARAVAN SINGH,West Bengal,Basirhat,IND,MALE,50,GENERAL,Graduate Professional,1,,,0,Gas Stove,2020,1,2021,0.13,0.11,0.13,1518153,1526081,1805874
SAMARENDRA NATH MONDAL,West Bengal,Jaynagar,RSP,MALE,63,SC,10th Pass,2,7065334,283348,0,Spade & stoker,39927,186,40113,2.7,2.17,2.72,1472843,1484056,1845363
BAPI HALDAR,West Bengal,Mathurapur,AITC,MALE,37,SC,Graduate,1,24530801,58849,1,Flowers and Grass,752486,3245,755731,50.46,41.57,50.81,1487393,1497681,1818113
ASHOK PURKAIT,West Bengal,Mathurapur,BJP,MALE,41,SC,Post Graduate,1,7249000,1607557,0,Lotus,552798,1876,554674,37.04,30.51,37.29,1487393,1497681,1818113
DR SARAT CHANDRA HALDER,West Bengal,Mathurapur,CPI(M),MALE,47,SC,Graduate Professional,1,16633969,9280562,0,"Hammer, Sickle and Star",60778,322,61100,4.08,3.36,4.11,1487393,1497681,1818113
BAPI HALDAR,West Bengal,Mathurapur,IND,MALE,37,SC,Graduate,1,24530801,58849,1,Grapes,5607,19,5626,0.38,0.31,0.38,1487393,1497681,1818113
ABHISHEK BANERJEE,West Bengal,Diamond harbour,AITC,MALE,36,GENERAL,Post Graduate,2,23264563,3600000,1,Flowers and Grass,1043493,4737,1048230,68.45,55.71,68.93,1520629,1531287,1881552
ABHIJIT DAS (BOBBY),West Bengal,Diamond harbour,BJP,MALE,54,GENERAL,Post Graduate,13,9918174,552898,0,Lotus,336068,1232,337300,22.03,17.93,22.18,1520629,1531287,1881552
PRATIK UR RAHAMAN,West Bengal,Diamond harbour,CPI(M),MALE,34,GENERAL,Graduate Professional,9,,,0,"Hammer, Sickle and Star",86507,446,86953,5.68,4.62,5.72,1520629,1531287,1881552
SAYANI GHOSH,West Bengal,Jadavpur,AITC,FEMALE,31,GENERAL,12th Pass,1,,,1,Flowers and Grass,714049,3850,717899,45.76,35.29,46.05,1559094,1569002,2034251
DR. ANIRBAN GANGULY,West Bengal,Jadavpur,BJP,MALE,47,GENERAL,Doctorate,1,7518063,785307,0,Lotus,457307,2391,459698,29.3,22.6,29.48,1559094,1569002,2034251
SRIJAN BHATTACHARYYA,West Bengal,Jadavpur,CPI(M),MALE,31,GENERAL,Post Graduate,6,,,0,"Hammer, Sickle and Star",256951,1761,258712,16.49,12.72,16.59,1559094,1569002,2034251
RANJIT KUMAR MANDAL,West Bengal,Jadavpur,IND,MALE,41,SC,Post Graduate,1,,,0,Carrom board,13021,9,13030,0.83,0.64,0.84,1559094,1569002,2034251
TANUSHREE MONDAL,West Bengal,Jadavpur,IND,FEMALE,32,SC,Post Graduate,1,823901,0,0,Chappals,2419,8,2427,0.15,0.12,0.16,1559094,1569002,2034251
CHANDRACHUR GOSWAMI,West Bengal,Jadavpur,IND,MALE,34,GENERAL,Post Graduate,1,1178394,0,0,Coconut farm,1112,2,1114,0.07,0.05,0.07,1559094,1569002,2034251
MALA ROY,West Bengal,Kolkata Dakshin,AITC,FEMALE,66,GENERAL,Graduate,1,15397092,795517,1,Flowers and Grass,612725,2549,615274,49.44,33.26,49.74,1237054,1244540,1850115
DEBASREE CHAUDHURI,West Bengal,Kolkata Dakshin,BJP,FEMALE,52,GENERAL,Post Graduate,3,,,0,Lotus,426459,1584,428043,34.39,23.14,34.6,1237054,1244540,1850115
BANDYOPADHYAY SUDIP,West Bengal,Kolkata Uttar,AITC,MALE,75,GENERAL,Graduate,2,84812907,0,1,Flowers and Grass,453177,1519,454696,47.44,30.2,47.94,948389,958556,1505686
PRASUN BANERJEE,West Bengal,Howrah,AITC,MALE,69,GENERAL,Graduate,1,10360134,0,1,Flowers and Grass,625229,1264,626493,49.23,35.4,49.65,1261712,1272558,1769973
SABYASACHI CHATTERJEE,West Bengal,Howrah,CPI(M),MALE,39,GENERAL,Graduate Professional,1,6850756,1417724,0,"Hammer, Sickle and Star",151483,522,152005,11.94,8.59,12.05,1261712,1272558,1769973
SEIKH SAKIRUL ISLAM,West Bengal,Howrah,IND,MALE,52,GENERAL,10th Pass,2,,,0,Cot,5271,0,5271,0.41,0.3,0.42,1261712,1272558,1769973
AJAZ AHMED ANSARI,West Bengal,Howrah,IND,MALE,45,GENERAL,8th Pass,6,1280909,0,0,Gas cylinder,856,1,857,0.07,0.05,0.07,1261712,1272558,1769973
ARUNUDAY PAULCHOWDHURY,West Bengal,Uluberia,BJP,MALE,62,GENERAL,Graduate,1,2464188,303750,0,Lotus,504611,1338,505949,36.29,29.04,36.68,1379476,1394157,1742388
AMAL KUMAR DEYATI,West Bengal,Uluberia,BNARP,MALE,62,GENERAL,12th Pass,1,,,0,Ganna kisan,5445,6,5451,0.39,0.31,0.4,1379476,1394157,1742388
KABIR SHANKAR BOSE,West Bengal,Sreerampur,BJP,MALE,40,GENERAL,Post Graduate,2,,,0,Lotus,497720,1420,499140,33.79,25.89,34.15,1461498,1477130,1928256
DIPSITA DHAR,West Bengal,Sreerampur,CPI(M),FEMALE,30,GENERAL,Post Graduate,2,,,0,"Hammer, Sickle and Star",238131,1015,239146,16.19,12.4,16.36,1461498,1477130,1928256
LOCKET CHATTERJEE,West Bengal,Hooghly,BJP,FEMALE,49,GENERAL,Graduate,22,44589139,0,0,Lotus,623867,2024,625891,41.23,33.65,41.61,1504159,1518072,1860103
SK KAMALUDDIN,West Bengal,Hooghly,IND,MALE,52,GENERAL,8th Pass,7,,,0,Pears,2755,11,2766,0.18,0.15,0.18,1504159,1518072,1860103
BIPLAB KUMAR MOITRA,West Bengal,Arambag,CPI(M),MALE,38,SC,10th Pass,7,2090123,964342,0,"Hammer, Sickle and Star",92073,429,92502,5.93,4.91,6,1541048,1561188,1885001
DEBANGSHU BHATTACHARYA,West Bengal,Tamluk,AITC,MALE,28,GENERAL,Others,1,1830764,0,0,Flowers and Grass,683955,3896,687851,43.58,37.11,43.84,1569054,1578527,1853363
ADHIKARI SOUMENDU,West Bengal,Kanthi,BJP,MALE,41,GENERAL,Post Graduate,6,,,1,Lotus,757906,5289,763195,49.81,42.45,50.12,1522863,1532295,1797658
BIDESH BASU MAITY,West Bengal,Kanthi,IND,MALE,47,GENERAL,Post Graduate,1,6271103,2010000,0,Diamond,5633,21,5654,0.37,0.31,0.37,1522863,1532295,1797658
MANAS PRADHAN,West Bengal,Kanthi,SUCI,MALE,54,GENERAL,Graduate,1,,,0,Battery Torch,2489,40,2529,0.17,0.14,0.17,1522863,1532295,1797658
ARJUN KUMAR MAITY,West Bengal,Kanthi,IND,MALE,37,GENERAL,12th Pass,2,,,0,Apple,504,40,544,0.04,0.03,0.04,1522863,1532295,1797658
DR. HIRANMOY CHATTOPADHYAYA,West Bengal,Ghatal,BJP,MALE,47,GENERAL,Doctorate,3,,,0,Lotus,652098,3024,655122,40.89,33.73,41.27,1587590,1602280,1942313
GOPAL MONDAL,West Bengal,Ghatal,IND,MALE,40,GENERAL,Graduate,1,637500,40000,0,Gas cylinder,4238,6,4244,0.26,0.22,0.27,1587590,1602280,1942313
SURYA SINGH BESRA,West Bengal,Jhargram,JKPP,MALE,62,ST,Post Graduate,2,,,0,Pot,19408,86,19494,1.31,1.09,1.32,1474923,1493701,1782435
AGNIMITRA PAUL,West Bengal,Medinipur,BJP,FEMALE,51,GENERAL,Graduate,11,,,0,Lotus,671328,3673,675001,45.43,37.23,45.95,1469139,1485949,1813205
BIPLAB BHATTA,West Bengal,Medinipur,CPI,MALE,55,GENERAL,10th Pass,5,12997588,775323,0,Ears of corn and sickle,57345,440,57785,3.89,3.19,3.93,1469139,1485949,1813205
KAMALESH MAHATA,West Bengal,Medinipur,IND,MALE,43,GENERAL,10th Pass,4,,,0,Bucket,4229,21,4250,0.29,0.23,0.29,1469139,1485949,1813205
JYOTIRMAY SINGH MAHATO,West Bengal,Purulia,BJP,MALE,39,GENERAL,Graduate Professional,3,595229,0,1,Lotus,576246,2243,578489,40.28,31.69,40.85,1416089,1436016,1825625
NEPAL CHANDRA MAHATO,West Bengal,Purulia,INC,MALE,63,GENERAL,Post Graduate,3,6947302,723030,0,Hand,128565,592,129157,8.99,7.07,9.12,1416089,1436016,1825625
AJIT PRASAD MAHATA,West Bengal,Purulia,IND,MALE,70,GENERAL,Graduate,21,4533103,0,0,Bucket,98381,277,98658,6.87,5.4,6.97,1416089,1436016,1825625
SANDIP KUMAR DEY,West Bengal,Bankura,IND,MALE,41,GENERAL,Post Graduate,1,7969111,2847913,0,Laptop,4610,12,4622,0.32,0.26,0.33,1421465,1450168,1785138
JIBAN CHAKRABORTY,West Bengal,Bankura,IND,MALE,55,GENERAL,12th Pass,2,6270736,102000,0,Bricks,3483,23,3506,0.24,0.2,0.25,1421465,1450168,1785138
KHAN SAUMITRA,West Bengal,Bishnupur,BJP,MALE,43,SC,12th Pass,15,,,1,Lotus,677320,2810,680130,44.9,38.68,45.5,1494740,1514635,1758481
SUJATA MONDAL,West Bengal,Bishnupur,AITC,FEMALE,38,SC,Post Graduate,2,,,0,Flowers and Grass,671148,3415,674563,44.54,38.36,45.13,1494740,1514635,1758481
SITAL CHANDRA KAIBARTYA,West Bengal,Bishnupur,CPI(M),MALE,59,SC,Post Graduate,1,9800003,0,0,"Hammer, Sickle and Star",104895,516,105411,6.96,5.99,7.05,1494740,1514635,1758481
ASIM KUMAR SARKAR,West Bengal,Bardhaman Purba,BJP,MALE,63,SC,Literate,5,18416783,4844186,0,Lotus,557943,1787,559730,37.34,31.04,37.7,1484613,1498938,1803240
NIRAB KHAN,West Bengal,Bardhaman Purba,CPI(M),MALE,46,SC,Graduate,1,,,0,"Hammer, Sickle and Star",176358,541,176899,11.8,9.81,11.92,1484613,1498938,1803240
AZAD KIRTI JHA,West Bengal,Bardhaman-Durgapur,AITC,MALE,65,GENERAL,Graduate,1,102014033,5738812,1,Flowers and Grass,717069,3598,720667,47.95,38.88,48.69,1480178,1502830,1853336
DILIP GHOSH,West Bengal,Bardhaman-Durgapur,BJP,MALE,59,GENERAL,10th Pass,27,,,0,Lotus,579609,3077,582686,38.77,31.44,39.37,1480178,1502830,1853336
JAHANARA KHAN,West Bengal,Asansol,CPI(M),FEMALE,57,GENERAL,Graduate,1,,,0,"Hammer, Sickle and Star",105454,510,105964,8.14,5.98,8.24,1286030,1302426,1771875
ATUL CHANDRA BAURI,West Bengal,Bolpur,IND,MALE,70,SC,10th Pass,1,,,0,Cot,7811,18,7829,0.51,0.42,0.52,1506748,1529897,1842192
DEBTANU BHATTACHARYA,West Bengal,Birbhum,BJP,MALE,52,GENERAL,Graduate,1,296300,0,0,Lotus,517761,2550,520311,34.05,27.98,34.38,1513339,1528210,1859447
SANJAY KUMAR,Chhattisgarh,SURGUJA,BSP,MALE,32,ST,5th Pass,6,1215000,0,0,Elephant,15182,17,15199,1.04,0.83,1.06,1427148,1456077,1820880
ARVIND KACHHAP,Chhattisgarh,SURGUJA,IND,MALE,49,ST,Post Graduate,1,2027402,244241,0,Cot,4166,18,4184,0.29,0.23,0.29,1427148,1456077,1820880
DILIP MIRI,Chhattisgarh,KORBA,IND,MALE,37,SC,Graduate Professional,7,,,0,Walking stick,3897,5,3902,0.32,0.24,0.32,1219216,1226934,1620051
PRATAP BHANU,Chhattisgarh,KORBA,IND,MALE,55,ST,12th Pass,1,,,0,Bucket,2500,4,2504,0.2,0.15,0.21,1219216,1226934,1620051
RAJGURU KEWAL GOSWAMI,Chhattisgarh,KORBA,IND,MALE,54,GENERAL,Post Graduate,2,,,0,Air conditioner,2202,0,2202,0.18,0.14,0.18,1219216,1226934,1620051
PRIYANKA PATEL,Chhattisgarh,KORBA,RPI(A),FEMALE,25,GENERAL,Graduate,1,103000,0,0,Almirah,1197,7,1204,0.1,0.07,0.1,1219216,1226934,1620051
RAMESH DAS MAHANT,Chhattisgarh,KORBA,IND,MALE,25,GENERAL,10th Pass,1,145000,0,0,Baby walker,823,0,823,0.07,0.05,0.07,1219216,1226934,1620051
DEVENDRA YADAV,Chhattisgarh,BILASPUR,INC,MALE,34,GENERAL,12th Pass,5,62187243,23366092,0,Hand,558942,1437,560379,41.05,26.63,41.25,1358501,1365126,2103937
BASANT BANSL,Chhattisgarh,BILASPUR,IND,MALE,34,SC,8th Pass,2,1661000,0,0,Bat,564,0,564,0.04,0.03,0.04,1358501,1365126,2103937
SANJAY PRAKASH SAHU,Chhattisgarh,BILASPUR,IND,MALE,48,GENERAL,10th Pass,1,,,0,Battery Torch,435,1,436,0.03,0.02,0.03,1358501,1365126,2103937
PARAS RAM YADAV,Chhattisgarh,BILASPUR,IND,MALE,55,GENERAL,5th Pass,1,3132000,0,0,Balloon,414,1,415,0.03,0.02,0.03,1358501,1365126,2103937
SANTOSH PANDEY,Chhattisgarh,RAJNANDGAON,BJP,MALE,56,GENERAL,Graduate Professional,1,42916375,3229688,1,Lotus,711439,618,712057,49.18,38.09,49.58,1436212,1447888,1869229
BHUPESH BAGHEL,Chhattisgarh,RAJNANDGAON,INC,MALE,63,GENERAL,Post Graduate,3,343923378,2681360,0,Hand,667078,568,667646,46.11,35.72,46.49,1436212,1447888,1869229
RAJENDRA SAHU,Chhattisgarh,DURG,INC,MALE,56,GENERAL,Post Graduate,1,,,0,Hand,517277,994,518271,33.57,24.77,33.72,1537170,1543861,2092551
ANOOP KUMAR PANDEY,Chhattisgarh,DURG,IND,MALE,35,GENERAL,8th Pass,1,1270000,0,0,Bat,7765,1,7766,0.5,0.37,0.51,1537170,1543861,2092551
VIKAS UPADHYAY,Chhattisgarh,RAIPUR,INC,MALE,48,GENERAL,Post Graduate,2,,,0,Hand,473656,1410,475066,29.84,19.99,30.02,1582307,1592011,2376030
HIRA NAND NAGWANI (ASHOK BHAIYA),Chhattisgarh,RAIPUR,RPI(A),MALE,54,GENERAL,12th Pass,1,8600000,0,0,Sewing machine,958,2,960,0.06,0.04,0.06,1582307,1592011,2376030
ASHISH KUMAR TIWARI,Chhattisgarh,RAIPUR,AASPP,MALE,32,GENERAL,Graduate,1,130000,0,0,Pen nib with seven rays,525,3,528,0.03,0.02,0.03,1582307,1592011,2376030
MAHESH SWARN,Chhattisgarh,MAHASAMUND,IND,MALE,50,SC,12th Pass,1,,,0,Crane,1484,2,1486,0.11,0.08,0.11,1322240,1326441,1763698
VINOD NAGWANSHI,Chhattisgarh,KANKER,HMR,MALE,46,ST,Post Graduate,1,,,0,Bucket,4958,51,5009,0.4,0.3,0.4,1246760,1267551,1659374
LOBIN HEMBRAM,Jharkhand,Rajmahal,IND,MALE,73,ST,10th Pass,2,23540671,2500000,0,Scissors,41592,548,42140,3.46,2.47,3.51,1200032,1218620,1705708
AJIT MARANDI,Jharkhand,Rajmahal,RJBP,MALE,52,ST,Graduate,1,50900,0,0,Cauliflower,11243,8,11251,0.92,0.66,0.94,1200032,1218620,1705708
NALIN SOREN,Jharkhand,Dumka,JMM,MALE,76,ST,12th Pass,2,,,1,Bow & arrow,542299,5071,547370,46.19,34.38,46.4,1179606,1185151,1592192
SITA MURMU,Jharkhand,Dumka,BJP,FEMALE,49,ST,12th Pass,4,,,0,Lotus,520714,4129,524843,44.28,32.96,44.49,1179606,1185151,1592192
NISHIKANT DUBEY,Jharkhand,Godda,BJP,MALE,52,GENERAL,Doctorate,8,,,1,Lotus,688879,4261,693140,49.41,34.14,49.73,1393843,1402941,2030444
PRADEEP YADAV,Jharkhand,Godda,INC,MALE,58,GENERAL,Graduate,5,15941889,0,0,Hand,586104,5223,591327,42.15,29.12,42.42,1393843,1402941,2030444
AVISEK ANAND JHA,Jharkhand,Godda,IND,MALE,40,GENERAL,12th Pass,4,,,0,Almirah,9601,35,9636,0.69,0.47,0.69,1393843,1402941,2030444
BAJRANGI MAHTHA,Jharkhand,Godda,BSP,MALE,39,SC,Graduate,3,3495000,0,0,Elephant,8151,24,8175,0.58,0.4,0.59,1393843,1402941,2030444
RAMESHWAR MANDAL,Jharkhand,Godda,PPID,MALE,67,GENERAL,Graduate,1,,,0,Basket containing Fruits,3315,1,3316,0.24,0.16,0.24,1393843,1402941,2030444
ARUN KUMAR,Jharkhand,Godda,NDS,MALE,32,GENERAL,12th Pass,1,,,0,Diamond,2891,2,2893,0.21,0.14,0.21,1393843,1402941,2030444
ARUN KUMAR,Jharkhand,Godda,NDS,MALE,32,GENERAL,Doctorate,1,99021663,900000,0,Diamond,2891,2,2893,0.21,0.14,0.21,1393843,1402941,2030444
TIPLAL SAH,Jharkhand,Godda,LKHAP,MALE,33,GENERAL,12th Pass,1,,,0,Apple,1765,5,1770,0.13,0.09,0.13,1393843,1402941,2030444
KALI CHARAN SINGH,Jharkhand,Chatra,BJP,MALE,62,GENERAL,Graduate,2,,,1,Lotus,568912,5644,574556,52.75,33.94,53.3,1077870,1089296,1692698
KRISHNA NAND TRIPATHI,Jharkhand,Chatra,INC,MALE,52,GENERAL,Graduate Professional,8,,,0,Hand,348110,5487,353597,32.46,20.89,32.81,1077870,1089296,1692698
ARJUN KUMAR,Jharkhand,Chatra,CPI,MALE,39,GENERAL,10th Pass,1,5027000,90000,0,Ears of corn and sickle,14062,60,14122,1.3,0.83,1.31,1077870,1089296,1692698
DEEPAK KUMAR GUPTA,Jharkhand,Chatra,IND,MALE,42,GENERAL,Graduate,2,18857000,3000000,0,Scissors,12384,182,12566,1.15,0.74,1.17,1077870,1089296,1692698
NAGMANI,Jharkhand,Chatra,BSP,MALE,61,GENERAL,12th Pass,1,41170614,1500000,0,Elephant,11798,152,11950,1.1,0.71,1.11,1077870,1089296,1692698
MD ABUZAR KHAN,Jharkhand,Chatra,IND,MALE,38,GENERAL,Graduate,1,,,0,Bat,5820,3,5823,0.53,0.34,0.54,1077870,1089296,1692698
SRIRAM SINGH,Jharkhand,Chatra,IND,MALE,45,GENERAL,Graduate,1,8402489,0,0,Bead necklace,2991,2,2993,0.27,0.18,0.28,1077870,1089296,1692698
DARSHAN GANJHU,Jharkhand,Chatra,JKP,MALE,54,ST,10th Pass,2,3935000,0,0,Batsman,2780,37,2817,0.26,0.17,0.26,1077870,1089296,1692698
VIKRANT KUMAR SINGH,Jharkhand,Chatra,IND,MALE,26,GENERAL,Graduate,2,100000,0,0,Baby walker,2288,1,2289,0.21,0.14,0.21,1077870,1089296,1692698
ANNPURNA DEVI,Jharkhand,Kodarma,BJP,FEMALE,55,GENERAL,Post Graduate,2,,,1,Lotus,787185,4472,791657,57.66,35.86,59.62,1327812,1373091,2207845
VINOD KUMAR SINGH,Jharkhand,Kodarma,CPI(ML)(L),MALE,46,GENERAL,Graduate Professional,1,,,0,Flag with three stars,410945,3698,414643,30.2,18.78,31.23,1327812,1373091,2207845
VINOD KUMAR SINGH,Jharkhand,Kodarma,CPI(ML)(L),MALE,46,GENERAL,Post Graduate,3,5598476,267240,0,Flag with three stars,410945,3698,414643,30.2,18.78,31.23,1327812,1373091,2207845
MANOJ KUMAR,Jharkhand,Kodarma,IND,MALE,48,GENERAL,Post Graduate,2,16260000,0,1,Scissors,28310,302,28612,2.08,1.3,2.15,1327812,1373091,2207845
MANOJ KUMAR,Jharkhand,Kodarma,IND,MALE,48,GENERAL,12th Pass,1,720227,500000,1,Scissors,28310,302,28612,2.08,1.3,2.15,1327812,1373091,2207845
MANOJ KUMAR,Jharkhand,Kodarma,IND,MALE,48,GENERAL,12th Pass,2,,,1,Scissors,28310,302,28612,2.08,1.3,2.15,1327812,1373091,2207845
MANOJ KUMAR,Jharkhand,Kodarma,IND,MALE,48,GENERAL,Graduate,1,32491416,2400000,1,Scissors,28310,302,28612,2.08,1.3,2.15,1327812,1373091,2207845
JAI PRAKASH VERMA,Jharkhand,Kodarma,IND,MALE,52,GENERAL,Post Graduate,1,27506505,257011,0,Bucket,22843,380,23223,1.69,1.05,1.75,1327812,1373091,2207845
AJAY KRISHNA,Jharkhand,Kodarma,MOSP,MALE,55,GENERAL,12th Pass,2,,,0,Batsman,4526,15,4541,0.33,0.21,0.34,1327812,1373091,2207845
CHANDRA PRAKASH CHOUDHARY,Jharkhand,Giridih,AJSUP,MALE,55,GENERAL,Graduate,2,,,1,Banana,447896,3243,451139,35.65,24.17,35.84,1258789,1265546,1866763
JAIRAM KUMAR MAHATO,Jharkhand,Giridih,IND,MALE,29,GENERAL,Post Graduate,13,,,0,Gas cylinder,342241,5081,347322,27.44,18.61,27.59,1258789,1265546,1866763
SUNITA TUDU,Jharkhand,Giridih,IND,FEMALE,37,ST,Post Graduate,1,4319400,1500000,0,Battery Torch,10899,45,10944,0.86,0.59,0.87,1258789,1265546,1866763
DWARAKA PRASAD LALA,Jharkhand,Giridih,IND,MALE,73,GENERAL,10th Pass,1,9572000,900000,0,Scissors,5617,10,5627,0.44,0.3,0.45,1258789,1265546,1866763
PRAMOD RAM,Jharkhand,Giridih,PPID,MALE,34,SC,Graduate,1,,,0,Basket containing Fruits,3805,20,3825,0.3,0.2,0.3,1258789,1265546,1866763
PAPPU KUMAR NISHAD,Jharkhand,Giridih,BLRP,MALE,44,GENERAL,12th Pass,1,3903500,142100,0,Bead necklace,3203,13,3216,0.25,0.17,0.26,1258789,1265546,1866763
DULU MAHATO,Jharkhand,Dhanbad,BJP,MALE,49,GENERAL,12th Pass,22,70120183,7888835,1,Lotus,782423,6749,789172,55.11,34.46,55.55,1420653,1431957,2290354
MD. EKLAK ANSARI,Jharkhand,Dhanbad,IND,MALE,34,GENERAL,Post Graduate,1,5769370,0,0,Helmet,78885,768,79653,5.56,3.48,5.61,1420653,1431957,2290354
JAGDISH RAWANI,Jharkhand,Dhanbad,IND,MALE,47,GENERAL,8th Pass,3,43310790,1395571,0,Scissors,27499,136,27635,1.93,1.21,1.95,1420653,1431957,2290354
DEEPAK KUMAR DAS,Jharkhand,Dhanbad,PPID,MALE,40,SC,12th Pass,2,,,0,Black board,1720,15,1735,0.12,0.08,0.12,1420653,1431957,2290354
SANJAY KUMAR GIRI,Jharkhand,Dhanbad,ABHM,MALE,50,GENERAL,12th Pass,1,,,0,Almirah,1617,10,1627,0.11,0.07,0.11,1420653,1431957,2290354
MOHAMMAD TAFAZUL HUSSAIN,Jharkhand,Dhanbad,IND,MALE,36,GENERAL,12th Pass,1,,,0,Bangles,681,0,681,0.05,0.03,0.05,1420653,1431957,2290354
SANJAY SETH,Jharkhand,Ranchi,BJP,MALE,65,GENERAL,Graduate Professional,2,,,1,Lotus,658975,5757,664732,45.77,30.18,46.17,1439628,1452196,2202528
DEVENDRA NATH MAHTO,Jharkhand,Ranchi,IND,MALE,33,GENERAL,Post Graduate,11,,,0,Helmet,130526,2121,132647,9.13,6.02,9.21,1439628,1452196,2202528
MANOJ KUMAR,Jharkhand,Ranchi,BSP,MALE,40,GENERAL,Post Graduate,2,16260000,0,1,Elephant,6383,44,6427,0.44,0.29,0.45,1439628,1452196,2202528
MANOJ KUMAR,Jharkhand,Ranchi,BSP,MALE,40,GENERAL,12th Pass,1,720227,500000,1,Elephant,6383,44,6427,0.44,0.29,0.45,1439628,1452196,2202528
MANOJ KUMAR,Jharkhand,Ranchi,BSP,MALE,40,GENERAL,12th Pass,2,,,1,Elephant,6383,44,6427,0.44,0.29,0.45,1439628,1452196,2202528
MANOJ KUMAR,Jharkhand,Ranchi,BSP,MALE,40,GENERAL,Graduate,1,32491416,2400000,1,Elephant,6383,44,6427,0.44,0.29,0.45,1439628,1452196,2202528
RAMHARI GOPE,Jharkhand,Ranchi,APoI,MALE,31,GENERAL,Graduate,1,142000,95000,0,Coat,6304,5,6309,0.43,0.29,0.44,1439628,1452196,2202528
HARINATH SAHU,Jharkhand,Ranchi,LKHAP,MALE,47,GENERAL,12th Pass,1,,,0,Apple,4120,16,4136,0.28,0.19,0.29,1439628,1452196,2202528
RANJANA GIRI,Jharkhand,Ranchi,RPI(A),FEMALE,35,GENERAL,10th Pass,1,2272754,0,0,Sewing machine,3206,2,3208,0.22,0.15,0.22,1439628,1452196,2202528
DHARMENDRA TIWARY,Jharkhand,Ranchi,BHRTJNTM,MALE,63,GENERAL,Post Graduate,1,90694064,2322845,0,Gas cylinder,3072,22,3094,0.21,0.14,0.21,1439628,1452196,2202528
PRABEEN CHANDRA MAHATO,Jharkhand,Ranchi,IND,MALE,40,GENERAL,12th Pass,1,3080137,31489,0,Bucket,2852,7,2859,0.2,0.13,0.2,1439628,1452196,2202528
PANKAJ KUMAR RAVI,Jharkhand,Ranchi,PPID,MALE,37,SC,Graduate Professional,1,,,0,Basket containing Fruits,2756,7,2763,0.19,0.13,0.19,1439628,1452196,2202528
AINUL ANSARI,Jharkhand,Ranchi,IND,MALE,35,GENERAL,Others,2,6333576,0,0,Truck,2533,4,2537,0.17,0.12,0.18,1439628,1452196,2202528
MINTU PASWAN,Jharkhand,Ranchi,SUCI,MALE,39,SC,Post Graduate,1,135888,0,0,Battery Torch,2151,13,2164,0.15,0.1,0.15,1439628,1452196,2202528
BIDYUT BARAN MAHATO,Jharkhand,Jamshedpur,BJP,MALE,61,GENERAL,12th Pass,1,38345063,4849078,1,Lotus,719891,6283,726174,56.77,38.8,57.17,1270303,1279236,1871388
SAMIR KUMAR MOHANTY,Jharkhand,Jamshedpur,JMM,MALE,54,GENERAL,Graduate,2,4718863,1144350,0,Bow & arrow,459997,6395,466392,36.46,24.92,36.72,1270303,1279236,1871388
PRANAV KUMAR MAHTO,Jharkhand,Jamshedpur,BSP,MALE,36,GENERAL,Graduate,1,545000,32000,0,Elephant,6090,61,6151,0.48,0.33,0.48,1270303,1279236,1871388
JUJHAR SOREN,Jharkhand,Jamshedpur,IND,MALE,30,ST,12th Pass,1,657000,0,0,Helmet,4262,53,4315,0.34,0.23,0.34,1270303,1279236,1871388
MANOJ GUPTA,Jharkhand,Jamshedpur,LKHAP,MALE,42,GENERAL,8th Pass,3,,,0,Apple,2355,7,2362,0.18,0.13,0.19,1270303,1279236,1871388
ASHOK KUMAR,Jharkhand,Jamshedpur,PPID,MALE,49,GENERAL,Post Graduate,1,,,0,Basket containing Fruits,2038,10,2048,0.16,0.11,0.16,1270303,1279236,1871388
ASHOK KUMAR,Jharkhand,Jamshedpur,PPID,MALE,49,GENERAL,Graduate,2,15929248,0,0,Basket containing Fruits,2038,10,2048,0.16,0.11,0.16,1270303,1279236,1871388
ARUN KUMAR SHARMA,Jharkhand,Jamshedpur,BHAZS,MALE,48,GENERAL,12th Pass,1,,,0,Scissors,1797,4,1801,0.14,0.1,0.14,1270303,1279236,1871388
GEETA KORA,Jharkhand,Singhbhum,BJP,FEMALE,40,ST,Graduate,1,,,0,Lotus,349006,2756,351762,34.77,24.27,35.76,983615,1011759,1449471
DAMODAR SINGH HANSDA,Jharkhand,Singhbhum,IND,MALE,48,ST,12th Pass,1,,,0,Helmet,43838,454,44292,4.38,3.06,4.5,983615,1011759,1449471
MADHAV CHANDRA KUNKAL,Jharkhand,Singhbhum,IND,MALE,33,ST,Graduate Professional,3,1166065,1302280,0,Gas cylinder,19729,105,19834,1.96,1.37,2.02,983615,1011759,1449471
PARDESHI LAL MUNDA,Jharkhand,Singhbhum,BSP,MALE,35,ST,Graduate,1,766662,0,0,Elephant,8708,34,8742,0.86,0.6,0.89,983615,1011759,1449471
ARJUN MUNDA,Jharkhand,Khunti,BJP,MALE,55,ST,Graduate Professional,1,165655057,24292905,0,Lotus,358076,3896,361972,38.5,27.23,39.57,914763,940247,1329423
BABITA KACHHAP,Jharkhand,Khunti,BHRTADVSIP,FEMALE,36,ST,Graduate,2,560000,0,0,Hockey and ball,4507,87,4594,0.49,0.35,0.5,914763,940247,1329423
SUKHDEO BHAGAT,Jharkhand,Lohardaga,INC,MALE,63,ST,Post Graduate,1,24688449,12414241,1,Hand,476112,6926,483038,49.71,33.35,50.54,955741,971662,1448225
SAMIR ORAON,Jharkhand,Lohardaga,BJP,MALE,53,ST,12th Pass,1,,,0,Lotus,339685,4215,343900,35.39,23.75,35.98,955741,971662,1448225
CHAMRA LINDA,Jharkhand,Lohardaga,IND,MALE,54,ST,Graduate,1,28479905,5019989,0,Batsman,45082,916,45998,4.73,3.18,4.81,955741,971662,1448225
SHANIYA ORAON,Jharkhand,Lohardaga,IND,MALE,55,ST,8th Pass,1,,,0,Almirah,10894,17,10911,1.12,0.75,1.14,955741,971662,1448225
BIHARI BHAGAT,Jharkhand,Lohardaga,PPID,MALE,48,ST,Graduate,1,,,0,Basket containing Fruits,7558,44,7602,0.78,0.52,0.8,955741,971662,1448225
RAMCHANDRA BHAGAT,Jharkhand,Lohardaga,LKHAP,MALE,56,ST,10th Pass,1,451400,0,0,Apple,4303,7,4310,0.44,0.3,0.45,955741,971662,1448225
KAMESHWAR BAITHA,Jharkhand,Palamu,BSP,MALE,67,SC,8th Pass,2,4400000,0,0,Elephant,39267,733,40000,2.87,1.78,2.93,1366395,1392035,2248082
MANISH JAISWAL,Jharkhand,Hazaribagh,BJP,MALE,59,GENERAL,Graduate,2,362999932,58896276,1,Lotus,647416,7197,654613,51.73,33.69,52.06,1257467,1265455,1942771
SHASHI BHUSHAN KESHRI,Jharkhand,Hazaribagh,IND,MALE,30,GENERAL,12th Pass,3,,,0,Balloon,15373,13,15386,1.22,0.79,1.22,1257467,1265455,1942771
ANIRUDDH KUMAR,Jharkhand,Hazaribagh,CPI,MALE,50,GENERAL,Post Graduate,2,,,0,Ears of corn and sickle,10428,40,10468,0.83,0.54,0.83,1257467,1265455,1942771
ABHISHEK KUMAR,Jharkhand,Hazaribagh,IND,MALE,37,GENERAL,12th Pass,1,1270000,280000,0,Auto- rickshaw,2963,9,2972,0.23,0.15,0.24,1257467,1265455,1942771
RAJ KUMAR,Jharkhand,Hazaribagh,JKP,MALE,45,GENERAL,12th Pass,1,,,0,Air conditioner,1885,50,1935,0.15,0.1,0.15,1257467,1265455,1942771
RAJ KUMAR,Jharkhand,Hazaribagh,JKP,MALE,45,GENERAL,10th Pass,3,13004000,0,0,Air conditioner,1885,50,1935,0.15,0.1,0.15,1257467,1265455,1942771
BOBY PANWAR,Uttarakhand,Tehri Garhwal,IND,MALE,26,ST,Graduate Professional,8,,,0,Diamond,162469,5612,168081,19.39,10.57,19.67,854583,866774,1590526
NAVNEET SINGH GOSAIN,Uttarakhand,Tehri Garhwal,raup,MALE,54,GENERAL,Post Graduate,1,,,0,Cauliflower,9969,57,10026,1.16,0.63,1.17,854583,866774,1590526
ASHUTOSH SINGH,Uttarakhand,Garhwal,UKKD,MALE,50,GENERAL,Post Graduate,7,16248483,2553020,0,Diamond,4182,379,4561,0.61,0.32,0.63,726056,746210,1404233
DHEER SINGH,Uttarakhand,Garhwal,BSP,MALE,62,GENERAL,12th Pass,5,5700000,0,0,Elephant,4007,115,4122,0.55,0.29,0.57,726056,746210,1404233
ARJUN SINGH,Uttarakhand,Garhwal,AKBRPRVP,MALE,61,GENERAL,12th Pass,93,27476986,11807539,0,Kettle,1308,70,1378,0.18,0.1,0.19,726056,746210,1404233
VINOD KUMAR SHARMA,Uttarakhand,Garhwal,UTRASMNTP,MALE,67,GENERAL,Graduate Professional,3,15191279,155000,0,Letter box,838,46,884,0.12,0.06,0.12,726056,746210,1404233
AKHALESH KUMAR,Uttarakhand,Nainital-Udhamsingh Nagar,AKBRPRVP,MALE,41,SC,Post Graduate,1,600000,200000,0,Kettle,4871,31,4902,0.39,0.24,0.39,1255585,1271666,2026438
UMESH KUMAR PATRAKAR,Uttarakhand,Haridwar,IND,MALE,46,GENERAL,Graduate Professional,4,,,0,Kettle,89991,1230,91221,6.99,4.47,7.04,1295795,1304517,2041472
JAMIL AHMAD,Uttarakhand,Haridwar,BSP,MALE,62,GENERAL,Graduate,3,16513669,0,0,Elephant,42116,207,42323,3.24,2.07,3.27,1295795,1304517,2041472
LALIT KUMAR,Uttarakhand,Haridwar,PPID,MALE,36,SC,Graduate Professional,1,4501602,0,0,School bag,1396,14,1410,0.11,0.07,0.11,1295795,1304517,2041472
GODAM NAGESH,Telangana,Adilabad,BJP,MALE,59,ST,Post Graduate,1,30916833,2901575,1,Lotus,558936,9232,568168,45.88,34.38,46.43,1223835,1238318,1652394
ATHRAM SUGUNA,Telangana,Adilabad,INC,FEMALE,49,ST,Post Graduate,49,20448609,5596171,0,Hand,472333,5183,477516,38.56,28.9,39.02,1223835,1238318,1652394
ATHRAM SAKKU,Telangana,Adilabad,BHRS,MALE,51,ST,10th Pass,47,,,0,Car,136463,837,137300,11.09,8.31,11.22,1223835,1238318,1652394
SRINIVAS GOMASE,Telangana,Peddapalle,BJP,MALE,56,SC,Post Graduate,1,232276375,6449145,0,Lotus,339107,5116,344223,31.39,21.54,31.59,1089584,1096672,1597892
AKKAPAKA THIRUPATHI,Telangana,Peddapalle,IND,MALE,51,SC,10th Pass,1,7369838,5974985,0,Whistle,1662,7,1669,0.15,0.1,0.15,1089584,1096672,1597892
KASHI SATHISH KUMAR,Telangana,Peddapalle,ACDP,MALE,42,SC,Others,5,60000,0,0,Jackfruit,745,6,751,0.07,0.05,0.07,1089584,1096672,1597892
SRINIVAS PANTHUKALA,Telangana,Peddapalle,IND,MALE,48,SC,Doctorate,1,12381662,4469779,0,Biscuit,701,2,703,0.06,0.04,0.06,1089584,1096672,1597892
BANDI SANJAY KUMAR,Telangana,Karimnagar,BJP,MALE,52,GENERAL,Post Graduate,42,,,1,Lotus,578827,6289,585116,44.51,32.54,44.75,1307414,1314574,1798168
JOURNALIST VIKRAM REDDY VEMULAA,Telangana,Karimnagar,IND,MALE,30,GENERAL,Others,1,4482000,800000,0,Cauliflower,2090,6,2096,0.16,0.12,0.16,1307414,1314574,1798168
RANAPRATAP GATTU,Telangana,Karimnagar,SP(I),MALE,29,GENERAL,Post Graduate,2,12000,27000,0,Ganna kisan,1606,7,1613,0.12,0.09,0.12,1307414,1314574,1798168
DEVUNOORI SRINIVASU,Telangana,Karimnagar,IND,MALE,44,GENERAL,Post Graduate,2,,,0,Whistle,465,0,465,0.04,0.03,0.04,1307414,1314574,1798168
ARVIND DHARMAPURI,Telangana,Nizamabad,BJP,MALE,47,GENERAL,Post Graduate,22,,,1,Lotus,588244,4074,592318,48,34.73,48.19,1229098,1233995,1705591
JEEVANREDDY THATIPARTHI,Telangana,Nizamabad,INC,MALE,72,GENERAL,Graduate Professional,7,35568956,6794510,0,Hand,480501,2576,483077,39.15,28.32,39.3,1229098,1233995,1705591
YOUGENDAR GATLA,Telangana,Nizamabad,AODRP,MALE,43,GENERAL,10th Pass,1,229500,110000,0,Chapati roller,5439,14,5453,0.44,0.32,0.44,1229098,1233995,1705591
KOTAGIRI SRINIVAS,Telangana,Nizamabad,IND,MALE,56,GENERAL,5th Pass,1,4257000,0,0,Air conditioner,5308,4,5312,0.43,0.31,0.43,1229098,1233995,1705591
VEMULAA VIKRAM REDDY,Telangana,Nizamabad,IND,MALE,30,GENERAL,Others,1,,,0,Cauliflower,2073,1,2074,0.17,0.12,0.17,1229098,1233995,1705591
ALI MANSOOR,Telangana,Nizamabad,AYSRCP,MALE,36,GENERAL,12th Pass,1,,,0,Diamond,1454,14,1468,0.12,0.09,0.12,1229098,1233995,1705591
SURESH KUMAR SHETKAR,Telangana,Zahirabad,INC,MALE,63,GENERAL,Graduate,1,107711726,6447401,1,Hand,523919,4499,528418,42.73,32.17,42.83,1233616,1236677,1642425
B. B. PATIL,Telangana,Zahirabad,BJP,MALE,68,GENERAL,Graduate,21,1516931855,35200568,0,Lotus,476023,6207,482230,38.99,29.36,39.09,1233616,1236677,1642425
S. RAJU,Telangana,Zahirabad,IND,MALE,29,GENERAL,Illiterate,1,,,0,Ship,3511,3,3514,0.28,0.21,0.28,1233616,1236677,1642425
KAMMARI ANANDEESHWAR,Telangana,Zahirabad,IND,MALE,28,GENERAL,Graduate,3,70000,0,0,Pen nib with seven rays,2381,3,2384,0.19,0.15,0.19,1233616,1236677,1642425
T.D.S. MANI,Telangana,Zahirabad,DHRMSMJP,MALE,52,GENERAL,Others,1,11766000,300000,0,Chappals,1628,27,1655,0.13,0.1,0.13,1233616,1236677,1642425
ROMALA BABU DURGAIAH,Telangana,Zahirabad,IPBP,MALE,38,SC,Post Graduate,1,10403700,2323306,0,Trumpet,601,2,603,0.05,0.04,0.05,1233616,1236677,1642425
MADHAVANENI RAGHUNANDAN RAO,Telangana,Medak,BJP,MALE,59,GENERAL,Graduate Professional,29,220907289,121178789,1,Lotus,463777,7440,471217,33.97,25.77,34.11,1381622,1387211,1828717
NEELAM MADHU,Telangana,Medak,INC,MALE,40,GENERAL,8th Pass,14,,,0,Hand,427899,4179,432078,31.15,23.63,31.27,1381622,1387211,1828717
P. VENKATRAMA REDDY,Telangana,Medak,BHRS,MALE,62,GENERAL,Post Graduate,1,,,0,Car,395250,1540,396790,28.6,21.7,28.72,1381622,1387211,1828717
PRADEEP,Telangana,Medak,IND,MALE,31,GENERAL,10th Pass,1,,,0,Ring,2006,4,2010,0.14,0.11,0.15,1381622,1387211,1828717
ABHILASH SHIRNA,Telangana,Medak,IND,MALE,30,GENERAL,10th Pass,1,,,0,Basket containing Fruits,923,1,924,0.07,0.05,0.07,1381622,1387211,1828717
C.H. NAVEEN KUMAR,Telangana,Medak,IND,MALE,33,GENERAL,10th Pass,1,1157684,0,0,Wool and Needle,529,2,531,0.04,0.03,0.04,1381622,1387211,1828717
GADILA ANJANEYULU,Telangana,Medak,IND,MALE,30,GENERAL,Graduate,1,2307764,0,0,Whistle,289,1,290,0.02,0.02,0.02,1381622,1387211,1828717
EATALA RAJENDER,Telangana,Malkajgiri,BJP,MALE,60,GENERAL,Graduate,45,540178712,204157216,1,Lotus,980712,10330,991042,51.13,26.21,51.6,1920477,1938462,3780453
RAGIDI LAXMA REDDY,Telangana,Malkajgiri,BHRS,MALE,60,GENERAL,12th Pass,1,825506902,102110659,0,Car,298697,1789,300486,15.5,7.95,15.65,1920477,1938462,3780453
ANITHA REDDY SHEELAM,Telangana,Malkajgiri,BSP,FEMALE,45,GENERAL,Post Graduate,1,7959000,5611466,0,Elephant,4718,61,4779,0.25,0.13,0.25,1920477,1938462,3780453
MOUTAM SAMPATH,Telangana,Malkajgiri,IND,MALE,34,GENERAL,Post Graduate,1,566282,90000,0,Baby walker,1135,2,1137,0.06,0.03,0.06,1920477,1938462,3780453
YADISHWAR NAKKA,Telangana,Malkajgiri,TRP,MALE,38,SC,Post Graduate,3,,,0,Mike,492,2,494,0.03,0.01,0.03,1920477,1938462,3780453
DANAM NAGENDER,Telangana,Secunderabad,INC,MALE,60,GENERAL,Post Graduate,8,596187718,645930000,0,Hand,420220,2848,423068,40.35,19.95,40.58,1042493,1048604,2120550
PADMA RAO . T,Telangana,Secunderabad,BHRS,MALE,70,GENERAL,10th Pass,3,41934118,5000000,0,Car,128680,906,129586,12.36,6.11,12.43,1042493,1048604,2120550
SARARAPU SRISAILAM,Telangana,Secunderabad,TLGNARJYS,MALE,47,GENERAL,12th Pass,1,1105114,0,0,Glass tumbler,1726,1,1727,0.16,0.08,0.17,1042493,1048604,2120550
SANGALA FLORY,Telangana,Secunderabad,IND,FEMALE,44,SC,Post Graduate,2,10749133,0,0,Baby walker,223,0,223,0.02,0.01,0.02,1042493,1048604,2120550
MOHAMMED ABDUL AZEEM,Telangana,Secunderabad,IND,MALE,53,GENERAL,8th Pass,1,210000,170000,0,Television,220,1,221,0.02,0.01,0.02,1042493,1048604,2120550
ASADUDDIN OWAISI,Telangana,Hyderabad,AIMIM,MALE,54,GENERAL,Graduate Professional,5,238766044,70500000,1,Kite,659278,2703,661981,61.19,29.86,61.44,1077418,1081878,2217305
MADHAVI LATHA KOMPELLA,Telangana,Hyderabad,BJP,FEMALE,49,GENERAL,Post Graduate,1,,,0,Lotus,320481,3413,323894,29.94,14.61,30.06,1077418,1081878,2217305
MOHAMMED WALIULLAH SAMEER,Telangana,Hyderabad,INC,MALE,42,GENERAL,12th Pass,4,132209968,16946041,0,Hand,62497,465,62962,5.82,2.84,5.84,1077418,1081878,2217305
SRINIVAS YADAV GADDAM,Telangana,Hyderabad,BHRS,MALE,55,GENERAL,12th Pass,3,,,0,Car,18498,143,18641,1.72,0.84,1.73,1077418,1081878,2217305
MEKALA RAGHUMA REDDY,Telangana,Hyderabad,YGATLSIP,MALE,39,GENERAL,Graduate Professional,2,,,0,Road roller,2231,1,2232,0.21,0.1,0.21,1077418,1081878,2217305
KHAJA MOINUDDIN,Telangana,Hyderabad,AIMEIEM,MALE,56,GENERAL,10th Pass,1,20934210,125798,0,Ship,233,1,234,0.02,0.01,0.02,1077418,1081878,2217305
M.K.AHMED,Telangana,Hyderabad,IND,MALE,46,GENERAL,10th Pass,2,466000,0,0,Gas Stove,149,0,149,0.01,0.01,0.01,1077418,1081878,2217305
CHAITANYA KUMAR REDDY PELLAKURU,Telangana,Hyderabad,IND,MALE,33,GENERAL,Post Graduate,1,,,0,Batsman,110,0,110,0.01,0,0.01,1077418,1081878,2217305
KONDA VISHWESHWAR REDDY,Telangana,Chevella,BJP,MALE,64,GENERAL,Graduate Professional,4,,,1,Lotus,798517,11365,809882,48.32,27.56,48.53,1668931,1676124,2939057
DR GADDAM RANJITH REDDY,Telangana,Chevella,INC,MALE,59,GENERAL,Post Graduate,1,4354909793,230122146,0,Hand,630861,6124,636985,38,21.67,38.17,1668931,1676124,2939057
KASANI GYANESHWAR KASANI,Telangana,Chevella,BHRS,MALE,69,GENERAL,8th Pass,1,2274731642,3000000,0,Car,177540,1428,178968,10.68,6.09,10.72,1668931,1676124,2939057
G MALLESHAM GOUD,Telangana,Chevella,IND,MALE,47,GENERAL,Post Graduate,3,64000000,1000000,0,Batsman,1239,1,1240,0.07,0.04,0.07,1668931,1676124,2939057
MOHAMMED ABDUL QAVI ABBASI,Telangana,Chevella,AIMEIEM,MALE,52,GENERAL,Post Graduate,3,,,0,Apple,635,0,635,0.04,0.02,0.04,1668931,1676124,2939057
NARASIMHA REDDY DYAPA,Telangana,Chevella,TRP,MALE,58,GENERAL,12th Pass,1,69650000,0,0,Almirah,524,1,525,0.03,0.02,0.03,1668931,1676124,2939057
ANJANEYULU NEERATI,Telangana,Chevella,IND,MALE,44,GENERAL,12th Pass,1,,,0,Ganna kisan,446,3,449,0.03,0.02,0.03,1668931,1676124,2939057
ARUNA. D. K,Telangana,Mahbubnagar,BJP,FEMALE,64,GENERAL,12th Pass,6,,,1,Lotus,506747,4000,510747,41.61,30.33,41.8,1221748,1227560,1683709
CHALLA VAMSHI CHAND REDDY,Telangana,Mahbubnagar,INC,MALE,43,GENERAL,12th Pass,3,33171049,2342382,0,Hand,503111,3136,506247,41.24,30.07,41.44,1221748,1227560,1683709
KURA VENKATAIAH,Telangana,Mahbubnagar,IND,MALE,53,GENERAL,5th Pass,2,4630625,480000,0,Bat,4248,1,4249,0.35,0.25,0.35,1221748,1227560,1683709
HANUMESH,Telangana,Mahbubnagar,IND,MALE,45,GENERAL,Graduate,2,,,0,Diamond,3225,0,3225,0.26,0.19,0.26,1221748,1227560,1683709
ANDHARI ANJAIAH,Telangana,Mahbubnagar,IND,MALE,63,SC,Post Graduate,1,,,0,Road roller,1669,6,1675,0.14,0.1,0.14,1221748,1227560,1683709
B. RAVINDER,Telangana,Mahbubnagar,SJPI,MALE,54,GENERAL,12th Pass,1,,,0,Nagrik,1082,3,1085,0.09,0.06,0.09,1221748,1227560,1683709
MARLA ANJANEYULU,Telangana,Mahbubnagar,JASWP,MALE,38,GENERAL,10th Pass,2,30000,0,0,Pen nib with seven rays,1019,1,1020,0.08,0.06,0.08,1221748,1227560,1683709
DR.MALLU RAVI,Telangana,Nagarkurnool,INC,MALE,73,SC,Graduate Professional,6,523215816,47868830,1,Hand,459259,5813,465072,38.07,26.74,38.29,1214643,1221686,1739310
DR.R.S.PRAVEEN KUMAR,Telangana,Nagarkurnool,BHRS,MALE,57,SC,Post Graduate,5,14194896,5180897,0,Car,319216,2127,321343,26.3,18.48,26.46,1214643,1221686,1739310
GADDAM VIJAY,Telangana,Nagarkurnool,BMUP,MALE,39,SC,Graduate,1,,,0,Cot,1006,3,1009,0.08,0.06,0.08,1214643,1221686,1739310
KUNDURU RAGHUVEER,Telangana,Nalgonda,INC,MALE,44,GENERAL,12th Pass,2,,,1,Hand,772264,12073,784337,60.46,45.44,60.79,1290238,1297265,1726204
SAIDI REDDY SHANAMPUDI,Telangana,Nalgonda,BJP,MALE,49,GENERAL,Graduate,6,313509177,61009131,0,Lotus,219606,4826,224432,17.3,13,17.39,1290238,1297265,1726204
ANJAIAH VIRIGINENI,Telangana,Nalgonda,BSP,MALE,65,GENERAL,10th Pass,1,,,0,Elephant,7075,102,7177,0.55,0.42,0.56,1290238,1297265,1726204
KUKKALA VENKANNA,Telangana,Nalgonda,IND,MALE,30,SC,Graduate Professional,3,2221372,180000,0,Road roller,2561,5,2566,0.2,0.15,0.2,1290238,1297265,1726204
VASKULA MATTAIAH,Telangana,Nalgonda,MCPI,MALE,51,SC,12th Pass,2,1913167,260000,0,Computer,1033,7,1040,0.08,0.06,0.08,1290238,1297265,1726204
CHAMALA KIRAN KUMAR REDDY,Telangana,Bhongir,INC,MALE,47,GENERAL,12th Pass,3,,,1,Hand,623762,5381,629143,44.88,34.77,45.04,1396750,1401721,1809241
DR. BOORA NARSAIAH GOUD,Telangana,Bhongir,BJP,MALE,65,GENERAL,Post Graduate,1,,,0,Lotus,401513,5460,406973,29.03,22.49,29.14,1396750,1401721,1809241
NARENDRAA VEMULA,Telangana,Bhongir,JASWP,MALE,37,SC,12th Pass,1,,,0,Pen nib with seven rays,4303,1,4304,0.31,0.24,0.31,1396750,1401721,1809241
TARIGOPPULA MAHENDER,Telangana,Bhongir,SJPI,MALE,53,GENERAL,Graduate Professional,1,,,0,Nagrik,3088,1,3089,0.22,0.17,0.22,1396750,1401721,1809241
BETHI NARENDER,Telangana,Bhongir,IND,MALE,43,GENERAL,Post Graduate,1,,,0,Helmet,2168,0,2168,0.15,0.12,0.16,1396750,1401721,1809241
LINGIDI. VENKATESWARLU,Telangana,Bhongir,PRJVNIP,MALE,66,GENERAL,Post Graduate,1,,,0,Matchbox,1792,0,1792,0.13,0.1,0.13,1396750,1401721,1809241
BASHABOINA LAKSHMAIAH,Telangana,Bhongir,IND,MALE,43,GENERAL,Others,1,1025000,431850,0,Tiller,1319,1,1320,0.09,0.07,0.09,1396750,1401721,1809241
NARRI. SWAMY KURUMA,Telangana,Bhongir,IND,MALE,36,GENERAL,Post Graduate,1,6302500,800000,0,Pressure cooker,897,1,898,0.06,0.05,0.06,1396750,1401721,1809241
KARUNAKAR REDDY NALLA,Telangana,Bhongir,JBNP,MALE,64,GENERAL,Post Graduate,3,,,0,Battery Torch,446,1,447,0.03,0.02,0.03,1396750,1401721,1809241
ANIL KUMAR GADEPAKA,Telangana,Bhongir,IND,MALE,36,SC,Post Graduate,1,,,0,Bat,390,3,393,0.03,0.02,0.03,1396750,1401721,1809241
ANIL KUMAR GADEPAKA,Telangana,Bhongir,IND,MALE,36,SC,Others,1,21200,0,0,Bat,390,3,393,0.03,0.02,0.03,1396750,1401721,1809241
AROORI RAMESH,Telangana,Warangal,BJP,MALE,56,SC,Post Graduate,6,,,0,Lotus,355875,5080,360955,28.44,19.77,28.66,1259566,1269265,1825492
ANIL KUMAR GADEPAKA,Telangana,Warangal,IND,MALE,36,SC,Post Graduate,1,,,0,Bat,4482,4,4486,0.35,0.25,0.36,1259566,1269265,1825492
ANIL KUMAR GADEPAKA,Telangana,Warangal,IND,MALE,36,SC,Others,1,21200,0,0,Bat,4482,4,4486,0.35,0.25,0.36,1259566,1269265,1825492
BUNGA JYOTHI RAMANA,Telangana,Warangal,AHNP,FEMALE,50,SC,Graduate,3,,,0,Sofa,4262,3,4265,0.34,0.23,0.34,1259566,1269265,1825492
PASULA RAVI,Telangana,Warangal,RPPRINAT,MALE,52,SC,12th Pass,1,2506000,100000,0,Dolli,2220,19,2239,0.18,0.12,0.18,1259566,1269265,1825492
POTHARAJU NARASIMHARAJU,Telangana,Warangal,IND,MALE,43,SC,10th Pass,1,24500,0,0,Drill machine,1955,0,1955,0.15,0.11,0.16,1259566,1269265,1825492
POGULA ASHOK,Telangana,Warangal,IND,MALE,57,SC,12th Pass,2,3892000,250000,0,Football player,1333,4,1337,0.11,0.07,0.11,1259566,1269265,1825492
PAITHARA ACHYUTH,Telangana,Warangal,IND,MALE,32,SC,Others,1,1399000,400000,0,Stethoscope,901,5,906,0.07,0.05,0.07,1259566,1269265,1825492
BALRAM NAIK PORIKA,Telangana,Mahabubabad,INC,MALE,60,ST,10th Pass,6,29919101,25246063,1,Hand,608505,4269,612774,55.23,39.95,55.6,1102195,1109534,1533858
KAVITHA MALOTH,Telangana,Mahabubabad,BHRS,FEMALE,44,ST,Graduate,2,49772259,1005024,0,Car,262416,1193,263609,23.76,17.19,23.92,1102195,1109534,1533858
ARUN KUMAR MYPATHI,Telangana,Mahabubabad,AIFB,MALE,38,ST,Post Graduate,3,1000,0,0,Lion,38252,884,39136,3.53,2.55,3.55,1102195,1109534,1533858
DURGA PALVANCHA,Telangana,Mahabubabad,IND,FEMALE,40,ST,Graduate Professional,1,1150000,48000,0,Glass tumbler,10112,7,10119,0.91,0.66,0.92,1102195,1109534,1533858
KONETI SUJATHA,Telangana,Mahabubabad,BSP,FEMALE,29,ST,12th Pass,1,10090700,1125000,0,Elephant,8058,35,8093,0.73,0.53,0.73,1102195,1109534,1533858
MOKALLA MURALIKRISHNA,Telangana,Mahabubabad,IND,MALE,56,ST,5th Pass,5,1412000,200000,0,Pot,4056,6,4062,0.37,0.26,0.37,1102195,1109534,1533858
PADIGA YARRAIAH,Telangana,Mahabubabad,IND,MALE,80,ST,Illiterate,6,,,0,Carrom board,2873,14,2887,0.26,0.19,0.26,1102195,1109534,1533858
RAMASAHAYAM RAGHURAM REDDY,Telangana,Khammam,INC,MALE,63,GENERAL,Others,1,582770537,95482677,1,Hand,759603,7326,766929,61.24,46.99,61.63,1244501,1252286,1631952
NAMA NAGESWARA RAO,Telangana,Khammam,BHRS,MALE,67,GENERAL,12th Pass,2,,,0,Car,297592,1490,299082,23.88,18.33,24.03,1244501,1252286,1631952
KASIMALLA NAGESWARA RAO,Telangana,Khammam,IND,MALE,48,SC,10th Pass,1,1050000,0,0,Apple,2232,5,2237,0.18,0.14,0.18,1244501,1252286,1631952
SHAIK SIRAJUDDIN,Telangana,Khammam,IND,MALE,34,GENERAL,Post Graduate,1,50000,25000,0,Ganna kisan,1661,2,1663,0.13,0.1,0.13,1244501,1252286,1631952
LINGAIAH DANDA,Telangana,Khammam,IND,MALE,78,GENERAL,Illiterate,1,3060000,0,0,Gas cylinder,693,7,700,0.06,0.04,0.06,1244501,1252286,1631952
MANOJ PAUL,Andaman & Nicobar Islands,Andaman & Nicobar Islands,ANDC,MALE,35,GENERAL,Graduate Professional,15,2433734,1000000,0,Coconut farm,8236,18,8254,4.07,2.61,4.11,200705,202597,315745
V.K. ABDUL AZIZ,Andaman & Nicobar Islands,Andaman & Nicobar Islands,IND,MALE,42,GENERAL,8th Pass,2,8267000,187000,0,Chakki,2195,8,2203,1.09,0.7,1.1,200705,202597,315745
RITU SINGH,Chandigarh,Chandigarh,BSP,FEMALE,35,SC,Doctorate,8,711443,0,0,Elephant,6697,11,6708,1.49,1.02,1.5,446363,449383,660552
LAKHVIR SINGH ALIAS KOTLA,Chandigarh,Chandigarh,IND,MALE,57,GENERAL,10th Pass,1,12620848,1465000,0,Bucket,2625,1,2626,0.58,0.4,0.59,446363,449383,660552
PARTAP SINGH RANA,Chandigarh,Chandigarh,IND,MALE,65,GENERAL,8th Pass,1,28011750,0,0,Auto- rickshaw,306,1,307,0.07,0.05,0.07,446363,449383,660552
PATEL UMESHBHAI BABUBHAI,Dadra & Nagar Haveli and Daman & Diu,Daman & Diu,IND,MALE,47,GENERAL,Graduate,14,4752198,406981,1,Pressure cooker,42469,54,42523,46,31.69,46.51,91432,92448,134201
KETAN DAHYABHAI PATEL,Dadra & Nagar Haveli and Daman & Diu,Daman & Diu,INC,MALE,49,GENERAL,Others,4,184982833,29948844,0,Hand,11237,21,11258,12.18,8.39,12.31,91432,92448,134201
SAKIL LATIF KHAN,Dadra & Nagar Haveli and Daman & Diu,Daman & Diu,IND,MALE,37,GENERAL,5th Pass,1,,,0,Auto- rickshaw,323,0,323,0.35,0.24,0.35,91432,92448,134201
IDRISH G MULLA,Dadra & Nagar Haveli and Daman & Diu,Daman & Diu,IND,MALE,57,GENERAL,5th Pass,1,,,0,Bat,247,0,247,0.27,0.18,0.27,91432,92448,134201
SEEMA RIZVI,NCT OF Delhi,Chandni Chowk,AZSP,FEMALE,41,GENERAL,8th Pass,1,77000,0,0,Kettle,1089,0,1089,0.11,0.07,0.11,960539,966352,1646467
SHAIK JALEEL,NCT OF Delhi,Chandni Chowk,NRCP,MALE,49,GENERAL,5th Pass,6,,,0,Glass tumbler,947,2,949,0.1,0.06,0.1,960539,966352,1646467
MANOJ TIWARI,NCT OF Delhi,North-East Delhi,BJP,MALE,53,GENERAL,Post Graduate,2,328162601,10171659,1,Lotus,821567,2884,824451,53.06,33.45,53.3,1546858,1553679,2464397
KANHAIYA KUMAR,NCT OF Delhi,North-East Delhi,INC,MALE,37,GENERAL,Doctorate,6,1072966,0,0,Hand,684501,1172,685673,44.13,27.82,44.33,1546858,1553679,2464397
ASHOK KUMAR,NCT OF Delhi,North-East Delhi,BSP,MALE,66,GENERAL,Post Graduate,1,,,0,Elephant,12053,85,12138,0.78,0.49,0.78,1546858,1553679,2464397
ASHOK KUMAR,NCT OF Delhi,North-East Delhi,BSP,MALE,66,GENERAL,Graduate,2,15929248,0,0,Elephant,12053,85,12138,0.78,0.49,0.78,1546858,1553679,2464397
AKASH SRIVASTAV,NCT OF Delhi,North-East Delhi,JIHNDNTLP,MALE,28,GENERAL,Post Graduate,1,626683,0,0,Flute,1317,0,1317,0.08,0.05,0.09,1546858,1553679,2464397
ADV. BHIM KISHOR,NCT OF Delhi,North-East Delhi,PPID,MALE,33,SC,Graduate Professional,2,1770940,40000,0,Basket containing Fruits,826,1,827,0.05,0.03,0.05,1546858,1553679,2464397
SANJEEV KUMAR,NCT OF Delhi,North-East Delhi,PuPP,MALE,46,SC,Post Graduate,2,164500,0,0,Sewing machine,799,0,799,0.05,0.03,0.05,1546858,1553679,2464397
MANOJ KUMAR,NCT OF Delhi,North-East Delhi,IND,MALE,39,GENERAL,Post Graduate,2,16260000,0,1,Cauliflower,559,2,561,0.04,0.02,0.04,1546858,1553679,2464397
MANOJ KUMAR,NCT OF Delhi,North-East Delhi,IND,MALE,39,GENERAL,12th Pass,1,720227,500000,1,Cauliflower,559,2,561,0.04,0.02,0.04,1546858,1553679,2464397
MANOJ KUMAR,NCT OF Delhi,North-East Delhi,IND,MALE,39,GENERAL,12th Pass,2,,,1,Cauliflower,559,2,561,0.04,0.02,0.04,1546858,1553679,2464397
MANOJ KUMAR,NCT OF Delhi,North-East Delhi,IND,MALE,39,GENERAL,Graduate,1,32491416,2400000,1,Cauliflower,559,2,561,0.04,0.02,0.04,1546858,1553679,2464397
NIVEDITA SHARMA “PREM”,NCT OF Delhi,North-East Delhi,RSTJLKPS,FEMALE,57,GENERAL,Graduate,1,,,0,Cot,541,2,543,0.03,0.02,0.04,1546858,1553679,2464397
YOGESH SWAMY,NCT OF Delhi,North-East Delhi,IND,MALE,41,GENERAL,Graduate,1,6516226,0,0,Plastering trowel,410,0,410,0.03,0.02,0.03,1546858,1553679,2464397
JAGDISH,NCT OF Delhi,North-East Delhi,RSPS,MALE,44,SC,Illiterate,1,,,0,Whistle,276,0,276,0.02,0.01,0.02,1546858,1553679,2464397
JAGDISH,NCT OF Delhi,North-East Delhi,RSPS,MALE,44,SC,Graduate,2,4647882,333000,0,Whistle,276,0,276,0.02,0.01,0.02,1546858,1553679,2464397
KULDEEP KUMAR (MONU),NCT OF Delhi,East Delhi,AAAP,MALE,35,SC,12th Pass,6,4843966,758300,0,Broom,570494,662,571156,45.17,26.92,45.38,1258655,1264411,2121610
A. GOPALA KRISHNA,NCT OF Delhi,East Delhi,NRCP,MALE,32,GENERAL,12th Pass,2,,,0,Glass tumbler,2807,10,2817,0.22,0.13,0.22,1258655,1264411,2121610
SURENDRA SINGH BASOYA,NCT OF Delhi,East Delhi,PPID,MALE,48,GENERAL,12th Pass,1,,,0,Basket containing Fruits,392,7,399,0.03,0.02,0.03,1258655,1264411,2121610
SOMNATH BHARTI,NCT OF Delhi,New Delhi,AAAP,MALE,49,GENERAL,Post Graduate,5,,,0,Broom,374032,783,374815,44.21,24.55,44.48,842655,847764,1526694
RAAJ KUMAR ANAND,NCT OF Delhi,New Delhi,BSP,MALE,57,SC,Post Graduate,2,,,0,Elephant,5601,28,5629,0.66,0.37,0.67,842655,847764,1526694
PUNAM PANDEY,NCT OF Delhi,New Delhi,RLPI,FEMALE,49,GENERAL,12th Pass,2,26686500,11000000,0,Green chilli,640,1,641,0.08,0.04,0.08,842655,847764,1526694
PRITHVI NATH SINGH,NCT OF Delhi,New Delhi,BSKRP,MALE,61,GENERAL,Graduate,3,11817000,0,0,Auto- rickshaw,335,0,335,0.04,0.02,0.04,842655,847764,1526694
YOGENDER CHANDOLIYA,NCT OF Delhi,North-West Delhi,BJP,MALE,61,SC,Graduate,2,27623483,938900,1,Lotus,863255,3228,866483,58.14,33.72,58.62,1478223,1490322,2569274
UDIT RAJ,NCT OF Delhi,North-West Delhi,INC,MALE,66,SC,Doctorate,3,101109380,33430458,0,Hand,574451,1183,575634,38.62,22.4,38.94,1478223,1490322,2569274
PARMENDRA MANJHI,NCT OF Delhi,North-West Delhi,IND,MALE,46,SC,Others,1,3334000,1400000,0,Pen nib with seven rays,1102,0,1102,0.07,0.04,0.07,1478223,1490322,2569274
ADITI,NCT OF Delhi,North-West Delhi,IND,FEMALE,30,SC,Graduate,1,16596,0,0,Plastering trowel,790,0,790,0.05,0.03,0.05,1478223,1490322,2569274
PRADEEP KUMAR,NCT OF Delhi,North-West Delhi,IND,MALE,37,SC,Post Graduate,5,25564752,1218681,0,Apple,371,0,371,0.02,0.01,0.03,1478223,1490322,2569274
MAHABAL MISHRA,NCT OF Delhi,West Delhi,AAAP,MALE,69,GENERAL,12th Pass,2,430355596,25870112,0,Broom,641759,1886,643645,42.21,24.83,42.46,1515795,1524751,2592498
KAPIL MARWAH,NCT OF Delhi,West Delhi,IND,MALE,41,GENERAL,Graduate,1,44556775,1291850,0,Flute,1154,1,1155,0.08,0.04,0.08,1515795,1524751,2592498
RAMVIR SINGH BIDHURI,NCT OF Delhi,South Delhi,BJP,MALE,71,GENERAL,Graduate,1,526419941,1000000,1,Lotus,691184,1648,692832,53.45,30.21,53.71,1290037,1296306,2293698
SAHI RAM,NCT OF Delhi,South Delhi,AAAP,MALE,63,GENERAL,10th Pass,2,,,0,Broom,567716,783,568499,43.86,24.79,44.07,1290037,1296306,2293698
RAM GOPAL,NCT OF Delhi,South Delhi,HRJSP,MALE,50,SC,12th Pass,1,7609791,0,0,Ganna kisan,3956,2,3958,0.31,0.17,0.31,1290037,1296306,2293698
ARUN KUMAR,NCT OF Delhi,South Delhi,IND,MALE,44,GENERAL,12th Pass,1,,,0,Almirah,842,0,842,0.06,0.04,0.07,1290037,1296306,2293698
ARUN KUMAR,NCT OF Delhi,South Delhi,IND,MALE,44,GENERAL,Doctorate,1,99021663,900000,0,Almirah,842,0,842,0.06,0.04,0.07,1290037,1296306,2293698
MOHAMMED FAIZAL PP,Lakshadweep,Lakshadweep,NCPSP,MALE,48,ST,Post Graduate,5,9695095,622734,0,Man blowing turha,22837,242,23079,46.86,39.82,47.04,49067,49247,57953
ARADADI POSIYYA,Puducherry,PUDUCHERRY,IND,MALE,36,GENERAL,Others,3,556000,351920,0,Glass tumbler,1540,6,1546,0.19,0.15,0.19,798177,811432,1024024
ABDUL RASHID SHEIKH,Jammu and Kashmir,BARAMULLA,IND,MALE,58,GENERAL,Graduate,3,15637424,1442558,1,Pressure cooker,469574,2907,472481,45.66,27.08,45.92,1028916,1034722,1744525
MEHRAJ UDDIN NAJAR,Jammu and Kashmir,BARAMULLA,IND,MALE,41,GENERAL,10th Pass,2,10000,0,0,Hockey and ball,2560,10,2570,0.25,0.15,0.25,1028916,1034722,1744525
WAHEED UR REHMAN PARA,Jammu and Kashmir,SRINAGAR,JKPDP,MALE,36,GENERAL,Post Graduate,2,26926000,0,0,Ink pot & pen,167666,784,168450,24.9,9.63,25.17,669244,676408,1748803
SAJAD AHMAD DAR,Jammu and Kashmir,SRINAGAR,IND,MALE,33,GENERAL,12th Pass,1,,,0,Pears,3755,9,3764,0.56,0.22,0.56,669244,676408,1748803
SAJAD AHMAD DAR,Jammu and Kashmir,SRINAGAR,IND,MALE,33,GENERAL,12th Pass,1,452000,0,0,Pears,3755,9,3764,0.56,0.22,0.56,669244,676408,1748803
MOHD YOUSUF BHAT,Jammu and Kashmir,SRINAGAR,GNASURKP,MALE,59,GENERAL,12th Pass,1,,,0,Battery Torch,1880,18,1898,0.28,0.11,0.28,669244,676408,1748803
MIRZA SAJAD HUSSAIN BEIGH,Jammu and Kashmir,SRINAGAR,IND,MALE,37,GENERAL,Graduate,1,800000,0,0,Pen nib with seven rays,1049,15,1064,0.16,0.06,0.16,669244,676408,1748803
SAJAD AHMAD DAR,Jammu and Kashmir,ANANTNAG-RAJOURI,IND,MALE,33,GENERAL,12th Pass,1,,,0,Pears,7988,16,8004,0.78,0.43,0.78,1019925,1026420,1849517
SAJAD AHMAD DAR,Jammu and Kashmir,ANANTNAG-RAJOURI,IND,MALE,33,GENERAL,12th Pass,1,452000,0,0,Pears,7988,16,8004,0.78,0.43,0.78,1019925,1026420,1849517
IMRAN SHEIKH,Jammu and Kashmir,ANANTNAG-RAJOURI,IND,MALE,37,GENERAL,8th Pass,20,,,0,Bench,7457,28,7485,0.73,0.4,0.73,1019925,1026420,1849517
DILIP KUMAR PANDITA,Jammu and Kashmir,ANANTNAG-RAJOURI,IND,MALE,56,GENERAL,12th Pass,1,1750000,1450000,0,Tube light,3638,84,3722,0.36,0.2,0.36,1019925,1026420,1849517
MEHRAJ DIN,Jammu and Kashmir,UDHAMPUR,IND,MALE,36,GENERAL,Post Graduate,3,45000,200000,0,Pressure cooker,9055,27,9082,0.81,0.55,0.83,1100789,1115491,1640846
MANOJ KUMAR,Jammu and Kashmir,UDHAMPUR,ESBD,MALE,32,GENERAL,Post Graduate,2,16260000,0,1,Flute,6778,56,6834,0.61,0.42,0.62,1100789,1115491,1640846
MANOJ KUMAR,Jammu and Kashmir,UDHAMPUR,ESBD,MALE,32,GENERAL,12th Pass,1,720227,500000,1,Flute,6778,56,6834,0.61,0.42,0.62,1100789,1115491,1640846
MANOJ KUMAR,Jammu and Kashmir,UDHAMPUR,ESBD,MALE,32,GENERAL,12th Pass,2,,,1,Flute,6778,56,6834,0.61,0.42,0.62,1100789,1115491,1640846
MANOJ KUMAR,Jammu and Kashmir,UDHAMPUR,ESBD,MALE,32,GENERAL,Graduate,1,32491416,2400000,1,Flute,6778,56,6834,0.61,0.42,0.62,1100789,1115491,1640846
BALWAN SINGH,Jammu and Kashmir,UDHAMPUR,JKNPPB,MALE,57,GENERAL,Post Graduate,2,2538559,0,0,Table,3243,49,3292,0.3,0.2,0.3,1100789,1115491,1640846
RAJ KUMAR,Jammu and Kashmir,JAMMU,IND,MALE,49,SC,12th Pass,1,,,0,Dolli,2611,7,2618,0.2,0.14,0.2,1297531,1309825,1818657
RAJ KUMAR,Jammu and Kashmir,JAMMU,IND,MALE,49,SC,10th Pass,3,13004000,0,0,Dolli,2611,7,2618,0.2,0.14,0.2,1297531,1309825,1818657
GANESH CHOUDHARY,Jammu and Kashmir,JAMMU,HSS,MALE,37,GENERAL,8th Pass,1,770000,0,0,Gas Stove,1187,3,1190,0.09,0.07,0.09,1297531,1309825,1818657
VICKY KUMAR DOGRA,Jammu and Kashmir,JAMMU,IND,MALE,38,SC,10th Pass,3,260000,0,0,Bat,1163,2,1165,0.09,0.06,0.09,1297531,1309825,1818657
QARI ZAHEER ABBAS BHATTI,Jammu and Kashmir,JAMMU,AIFB,MALE,52,GENERAL,Others,1,5191991,1410000,0,Lion,983,1,984,0.08,0.05,0.08,1297531,1309825,1818657
